@odata.etag,ItemInternalId,ID,FullName,EmploymentAdvisor,Phone,City,StreetAddress,JobTypesDesired,JobTypesDesired@odata.type,JobTypesDesired#Id,JobTypesDesired#Id@odata.type,SpecialConsiderations,SpecialConsiderations@odata.type,SpecialConsiderations#Id,SpecialConsiderations#Id@odata.type,Comments,Index,Modified,Created,Author,Author#Claims,Editor,Editor#Claims,{Identifier},{IsFolder},{Thumbnail},{Link},{Name},{FilenameWithExtension},{Path},{FullPath},{ContentType},{ContentType}#Id,{HasAttachments},{VersionNumber},ZipCode,EngagementLevel,EngagementLevel#Id
"""3""",184,184,"Abbott, Mark  ","Stanley, Thomas",407-810-7314,Orlando,32827,"[{""@odata.type"":""#Microsoft.Azure.Connectors.SharePoint.SPListExpandedReference"",""Id"":-1,""Value"":""CDL""}]",#Collection(Microsoft.Azure.Connectors.SharePoint.SPListExpandedReference),[-1],#Collection(Int64),[],#Collection(Microsoft.Azure.Connectors.SharePoint.SPListExpandedReference),[],#Collection(Int64),in school for cdl class a ,4078107314,2026-09-29T17:45:12Z,2026-09-29T11:48:55Z,"{""@odata.type"":""#Microsoft.Azure.Connectors.SharePoint.SPListExpandedUser"",""Claims"":""i:0#.f|membership|markg6@churchofjesuschrist.org"",""DisplayName"":""Mark Goodell"",""Email"":""MarkG6@churchofjesuschrist.org"",""Picture"":""https://churchofjesuschrist.sharepoint.com/sites/OrlandoEmploymentOffice/_layouts/15/UserPhoto.aspx?Size=L&AccountName=MarkG6@churchofjesuschrist.org"",""Department"":""WSR"",""JobTitle"":null}",i:0#.f|membership|markg6@churchofjesuschrist.org,"{""@odata.type"":""#Microsoft.Azure.Connectors.SharePoint.SPListExpandedUser"",""Claims"":""i:0#.f|membership|stanleyt@churchofjesuschrist.org"",""DisplayName"":""Rick Stanley"",""Email"":""Rick.Stanley@churchofjesuschrist.org"",""Picture"":""https://churchofjesuschrist.sharepoint.com/sites/OrlandoEmploymentOffice/_layouts/15/UserPhoto.aspx?Size=L&AccountName=Rick.Stanley@churchofjesuschrist.org"",""Department"":""WSR"",""JobTitle"":""Employment Services Missionary""}",i:0#.f|membership|stanleyt@churchofjesuschrist.org,Lists%252fJob%2bSeeker%2bList%252f184_.000,False,"{""Full"":null,""Large"":null,""Medium"":null,""Small"":null}",https://churchofjesuschrist.sharepoint.com/sites/OrlandoEmploymentOffice/_layouts/15/listform.aspx?PageType=4&ListId=b60c55b1%2D83af%2D4242%2D8ef5%2Dc3cc54179acb&ID=184&ContentTypeID=0x01000C5088034FCD804BA46BCF834F132CAB0069C2717AFC016B488C1978019BC744AA,,,Lists/Job Seeker List/,Lists/Job Seeker List/184_.000,"{""@odata.type"":""#Microsoft.Azure.Connectors.SharePoint.SPListExpandedContentType"",""Id"":""0x01000C5088034FCD804BA46BCF834F132CAB0069C2717AFC016B488C1978019BC744AA"",""Name"":""Item""}",0x01000C5088034FCD804BA46BCF834F132CAB0069C2717AFC016B488C1978019BC744AA,False,3.0,,,
"""1""",185,185,"Acosta Romero, Ana Sofia  ","Palomino, Carlos",407-914-0800,,,[],#Collection(Microsoft.Azure.Connectors.SharePoint.SPListExpandedReference),[],#Collection(Int64),[],#Collection(Microsoft.Azure.Connectors.SharePoint.SPListExpandedReference),[],#Collection(Int64),,4079140800,2026-09-29T11:48:56Z,2026-09-29T11:48:56Z,"{""@odata.type"":""#Microsoft.Azure.Connectors.SharePoint.SPListExpandedUser"",""Claims"":""i:0#.f|membership|markg6@churchofjesuschrist.org"",""DisplayName"":""Mark Goodell"",""Email"":""MarkG6@churchofjesuschrist.org"",""Picture"":""https://churchofjesuschrist.sharepoint.com/sites/OrlandoEmploymentOffice/_layouts/15/UserPhoto.aspx?Size=L&AccountName=MarkG6@churchofjesuschrist.org"",""Department"":""WSR"",""JobTitle"":null}",i:0#.f|membership|markg6@churchofjesuschrist.org,"{""@odata.type"":""#Microsoft.Azure.Connectors.SharePoint.SPListExpandedUser"",""Claims"":""i:0#.f|membership|markg6@churchofjesuschrist.org"",""DisplayName"":""Mark Goodell"",""Email"":""MarkG6@churchofjesuschrist.org"",""Picture"":""https://churchofjesuschrist.sharepoint.com/sites/OrlandoEmploymentOffice/_layouts/15/UserPhoto.aspx?Size=L&AccountName=MarkG6@churchofjesuschrist.org"",""Department"":""WSR"",""JobTitle"":null}",i:0#.f|membership|markg6@churchofjesuschrist.org,Lists%252fJob%2bSeeker%2bList%252f185_.000,False,"{""Full"":null,""Large"":null,""Medium"":null,""Small"":null}",https://churchofjesuschrist.sharepoint.com/sites/OrlandoEmploymentOffice/_layouts/15/listform.aspx?PageType=4&ListId=b60c55b1%2D83af%2D4242%2D8ef5%2Dc3cc54179acb&ID=185&ContentTypeID=0x01000C5088034FCD804BA46BCF834F132CAB0069C2717AFC016B488C1978019BC744AA,,,Lists/Job Seeker List/,Lists/Job Seeker List/185_.000,"{""@odata.type"":""#Microsoft.Azure.Connectors.SharePoint.SPListExpandedContentType"",""Id"":""0x01000C5088034FCD804BA46BCF834F132CAB0069C2717AFC016B488C1978019BC744AA"",""Name"":""Item""}",0x01000C5088034FCD804BA46BCF834F132CAB0069C2717AFC016B488C1978019BC744AA,False,1.0,,,
"""5""",186,186,"Acosta, Mark Mori  ","Gray, Karen Louise",407 600-2747,Davenport,,"[{""@odata.type"":""#Microsoft.Azure.Connectors.SharePoint.SPListExpandedReference"",""Id"":-1,""Value"":""Research Lab""}]",#Collection(Microsoft.Azure.Connectors.SharePoint.SPListExpandedReference),[-1],#Collection(Int64),[],#Collection(Microsoft.Azure.Connectors.SharePoint.SPListExpandedReference),[],#Collection(Int64),,4076002747,2026-09-29T19:48:15Z,2026-09-29T11:48:56Z,"{""@odata.type"":""#Microsoft.Azure.Connectors.SharePoint.SPListExpandedUser"",""Claims"":""i:0#.f|membership|markg6@churchofjesuschrist.org"",""DisplayName"":""Mark Goodell"",""Email"":""MarkG6@churchofjesuschrist.org"",""Picture"":""https://churchofjesuschrist.sharepoint.com/sites/OrlandoEmploymentOffice/_layouts/15/UserPhoto.aspx?Size=L&AccountName=MarkG6@churchofjesuschrist.org"",""Department"":""WSR"",""JobTitle"":null}",i:0#.f|membership|markg6@churchofjesuschrist.org,"{""@odata.type"":""#Microsoft.Azure.Connectors.SharePoint.SPListExpandedUser"",""Claims"":""i:0#.f|membership|kar3nl0uis3gray@churchofjesuschrist.org"",""DisplayName"":""Karen Louise Gray"",""Email"":""kar3nl0uis3gray@churchofjesuschrist.org"",""Picture"":""https://churchofjesuschrist.sharepoint.com/sites/OrlandoEmploymentOffice/_layouts/15/UserPhoto.aspx?Size=L&AccountName=kar3nl0uis3gray@churchofjesuschrist.org"",""Department"":""WSR"",""JobTitle"":null}",i:0#.f|membership|kar3nl0uis3gray@churchofjesuschrist.org,Lists%252fJob%2bSeeker%2bList%252f186_.000,False,"{""Full"":null,""Large"":null,""Medium"":null,""Small"":null}",https://churchofjesuschrist.sharepoint.com/sites/OrlandoEmploymentOffice/_layouts/15/listform.aspx?PageType=4&ListId=b60c55b1%2D83af%2D4242%2D8ef5%2Dc3cc54179acb&ID=186&ContentTypeID=0x01000C5088034FCD804BA46BCF834F132CAB0069C2717AFC016B488C1978019BC744AA,,,Lists/Job Seeker List/,Lists/Job Seeker List/186_.000,"{""@odata.type"":""#Microsoft.Azure.Connectors.SharePoint.SPListExpandedContentType"",""Id"":""0x01000C5088034FCD804BA46BCF834F132CAB0069C2717AFC016B488C1978019BC744AA"",""Name"":""Item""}",0x01000C5088034FCD804BA46BCF834F132CAB0069C2717AFC016B488C1978019BC744AA,False,5.0,"33837, 33897, 33896, 33836",,
"""4""",187,187,"Ahola, Samuel  ","Russell, Tamara",4072277308,Windermere,3066 Bird Lane,"[{""@odata.type"":""#Microsoft.Azure.Connectors.SharePoint.SPListExpandedReference"",""Id"":-1,""Value"":""business management""},{""@odata.type"":""#Microsoft.Azure.Connectors.SharePoint.SPListExpandedReference"",""Id"":-1,""Value"":""sales""}]",#Collection(Microsoft.Azure.Connectors.SharePoint.SPListExpandedReference),"[-1,-1]",#Collection(Int64),[],#Collection(Microsoft.Azure.Connectors.SharePoint.SPListExpandedReference),[],#Collection(Int64),,4072277308,2026-09-29T17:21:40Z,2026-09-29T11:48:56Z,"{""@odata.type"":""#Microsoft.Azure.Connectors.SharePoint.SPListExpandedUser"",""Claims"":""i:0#.f|membership|markg6@churchofjesuschrist.org"",""DisplayName"":""Mark Goodell"",""Email"":""MarkG6@churchofjesuschrist.org"",""Picture"":""https://churchofjesuschrist.sharepoint.com/sites/OrlandoEmploymentOffice/_layouts/15/UserPhoto.aspx?Size=L&AccountName=MarkG6@churchofjesuschrist.org"",""Department"":""WSR"",""JobTitle"":null}",i:0#.f|membership|markg6@churchofjesuschrist.org,"{""@odata.type"":""#Microsoft.Azure.Connectors.SharePoint.SPListExpandedUser"",""Claims"":""i:0#.f|membership|trussell@churchofjesuschrist.org"",""DisplayName"":""Tamara Russell"",""Email"":""trussell@churchofjesuschrist.org"",""Picture"":""https://churchofjesuschrist.sharepoint.com/sites/OrlandoEmploymentOffice/_layouts/15/UserPhoto.aspx?Size=L&AccountName=trussell@churchofjesuschrist.org"",""Department"":""WSR"",""JobTitle"":null}",i:0#.f|membership|trussell@churchofjesuschrist.org,Lists%252fJob%2bSeeker%2bList%252f187_.000,False,"{""Full"":null,""Large"":null,""Medium"":null,""Small"":null}",https://churchofjesuschrist.sharepoint.com/sites/OrlandoEmploymentOffice/_layouts/15/listform.aspx?PageType=4&ListId=b60c55b1%2D83af%2D4242%2D8ef5%2Dc3cc54179acb&ID=187&ContentTypeID=0x01000C5088034FCD804BA46BCF834F132CAB0069C2717AFC016B488C1978019BC744AA,,,Lists/Job Seeker List/,Lists/Job Seeker List/187_.000,"{""@odata.type"":""#Microsoft.Azure.Connectors.SharePoint.SPListExpandedContentType"",""Id"":""0x01000C5088034FCD804BA46BCF834F132CAB0069C2717AFC016B488C1978019BC744AA"",""Name"":""Item""}",0x01000C5088034FCD804BA46BCF834F132CAB0069C2717AFC016B488C1978019BC744AA,False,4.0,,"{""@odata.type"":""#Microsoft.Azure.Connectors.SharePoint.SPListExpandedReference"",""Id"":0,""Value"":""Actively seeking employment""}",0
"""1""",188,188,"Alexis, Yoveline Intervol  ","Bernard, Linon",648175,,,[],#Collection(Microsoft.Azure.Connectors.SharePoint.SPListExpandedReference),[],#Collection(Int64),[],#Collection(Microsoft.Azure.Connectors.SharePoint.SPListExpandedReference),[],#Collection(Int64),,648175,2026-09-29T11:48:57Z,2026-09-29T11:48:57Z,"{""@odata.type"":""#Microsoft.Azure.Connectors.SharePoint.SPListExpandedUser"",""Claims"":""i:0#.f|membership|markg6@churchofjesuschrist.org"",""DisplayName"":""Mark Goodell"",""Email"":""MarkG6@churchofjesuschrist.org"",""Picture"":""https://churchofjesuschrist.sharepoint.com/sites/OrlandoEmploymentOffice/_layouts/15/UserPhoto.aspx?Size=L&AccountName=MarkG6@churchofjesuschrist.org"",""Department"":""WSR"",""JobTitle"":null}",i:0#.f|membership|markg6@churchofjesuschrist.org,"{""@odata.type"":""#Microsoft.Azure.Connectors.SharePoint.SPListExpandedUser"",""Claims"":""i:0#.f|membership|markg6@churchofjesuschrist.org"",""DisplayName"":""Mark Goodell"",""Email"":""MarkG6@churchofjesuschrist.org"",""Picture"":""https://churchofjesuschrist.sharepoint.com/sites/OrlandoEmploymentOffice/_layouts/15/UserPhoto.aspx?Size=L&AccountName=MarkG6@churchofjesuschrist.org"",""Department"":""WSR"",""JobTitle"":null}",i:0#.f|membership|markg6@churchofjesuschrist.org,Lists%252fJob%2bSeeker%2bList%252f188_.000,False,"{""Full"":null,""Large"":null,""Medium"":null,""Small"":null}",https://churchofjesuschrist.sharepoint.com/sites/OrlandoEmploymentOffice/_layouts/15/listform.aspx?PageType=4&ListId=b60c55b1%2D83af%2D4242%2D8ef5%2Dc3cc54179acb&ID=188&ContentTypeID=0x01000C5088034FCD804BA46BCF834F132CAB0069C2717AFC016B488C1978019BC744AA,,,Lists/Job Seeker List/,Lists/Job Seeker List/188_.000,"{""@odata.type"":""#Microsoft.Azure.Connectors.SharePoint.SPListExpandedContentType"",""Id"":""0x01000C5088034FCD804BA46BCF834F132CAB0069C2717AFC016B488C1978019BC744AA"",""Name"":""Item""}",0x01000C5088034FCD804BA46BCF834F132CAB0069C2717AFC016B488C1978019BC744AA,False,1.0,,,
"""3""",189,189,"Aller, Michael  ","Gray, Karen Louise",6892726181,Kissimmee,,[],#Collection(Microsoft.Azure.Connectors.SharePoint.SPListExpandedReference),[],#Collection(Int64),[],#Collection(Microsoft.Azure.Connectors.SharePoint.SPListExpandedReference),[],#Collection(Int64),,6892726181,2026-09-29T19:01:03Z,2026-09-29T11:48:57Z,"{""@odata.type"":""#Microsoft.Azure.Connectors.SharePoint.SPListExpandedUser"",""Claims"":""i:0#.f|membership|markg6@churchofjesuschrist.org"",""DisplayName"":""Mark Goodell"",""Email"":""MarkG6@churchofjesuschrist.org"",""Picture"":""https://churchofjesuschrist.sharepoint.com/sites/OrlandoEmploymentOffice/_layouts/15/UserPhoto.aspx?Size=L&AccountName=MarkG6@churchofjesuschrist.org"",""Department"":""WSR"",""JobTitle"":null}",i:0#.f|membership|markg6@churchofjesuschrist.org,"{""@odata.type"":""#Microsoft.Azure.Connectors.SharePoint.SPListExpandedUser"",""Claims"":""i:0#.f|membership|artem_ternovoi@churchofjesuschrist.org"",""DisplayName"":""Artem"",""Email"":""Artem_Ternovoi@churchofjesuschrist.org"",""Picture"":""https://churchofjesuschrist.sharepoint.com/sites/OrlandoEmploymentOffice/_layouts/15/UserPhoto.aspx?Size=L&AccountName=Artem_Ternovoi@churchofjesuschrist.org"",""Department"":""WSR"",""JobTitle"":""Employment Services Support""}",i:0#.f|membership|artem_ternovoi@churchofjesuschrist.org,Lists%252fJob%2bSeeker%2bList%252f189_.000,False,"{""Full"":null,""Large"":null,""Medium"":null,""Small"":null}",https://churchofjesuschrist.sharepoint.com/sites/OrlandoEmploymentOffice/_layouts/15/listform.aspx?PageType=4&ListId=b60c55b1%2D83af%2D4242%2D8ef5%2Dc3cc54179acb&ID=189&ContentTypeID=0x01000C5088034FCD804BA46BCF834F132CAB0069C2717AFC016B488C1978019BC744AA,,,Lists/Job Seeker List/,Lists/Job Seeker List/189_.000,"{""@odata.type"":""#Microsoft.Azure.Connectors.SharePoint.SPListExpandedContentType"",""Id"":""0x01000C5088034FCD804BA46BCF834F132CAB0069C2717AFC016B488C1978019BC744AA"",""Name"":""Item""}",0x01000C5088034FCD804BA46BCF834F132CAB0069C2717AFC016B488C1978019BC744AA,False,3.0,34747,,
"""1""",190,190,"Andre, Samira  ","Goodier, Kerry Mills",321-367-7274,,,[],#Collection(Microsoft.Azure.Connectors.SharePoint.SPListExpandedReference),[],#Collection(Int64),[],#Collection(Microsoft.Azure.Connectors.SharePoint.SPListExpandedReference),[],#Collection(Int64),,3213677274,2026-09-29T11:48:58Z,2026-09-29T11:48:58Z,"{""@odata.type"":""#Microsoft.Azure.Connectors.SharePoint.SPListExpandedUser"",""Claims"":""i:0#.f|membership|markg6@churchofjesuschrist.org"",""DisplayName"":""Mark Goodell"",""Email"":""MarkG6@churchofjesuschrist.org"",""Picture"":""https://churchofjesuschrist.sharepoint.com/sites/OrlandoEmploymentOffice/_layouts/15/UserPhoto.aspx?Size=L&AccountName=MarkG6@churchofjesuschrist.org"",""Department"":""WSR"",""JobTitle"":null}",i:0#.f|membership|markg6@churchofjesuschrist.org,"{""@odata.type"":""#Microsoft.Azure.Connectors.SharePoint.SPListExpandedUser"",""Claims"":""i:0#.f|membership|markg6@churchofjesuschrist.org"",""DisplayName"":""Mark Goodell"",""Email"":""MarkG6@churchofjesuschrist.org"",""Picture"":""https://churchofjesuschrist.sharepoint.com/sites/OrlandoEmploymentOffice/_layouts/15/UserPhoto.aspx?Size=L&AccountName=MarkG6@churchofjesuschrist.org"",""Department"":""WSR"",""JobTitle"":null}",i:0#.f|membership|markg6@churchofjesuschrist.org,Lists%252fJob%2bSeeker%2bList%252f190_.000,False,"{""Full"":null,""Large"":null,""Medium"":null,""Small"":null}",https://churchofjesuschrist.sharepoint.com/sites/OrlandoEmploymentOffice/_layouts/15/listform.aspx?PageType=4&ListId=b60c55b1%2D83af%2D4242%2D8ef5%2Dc3cc54179acb&ID=190&ContentTypeID=0x01000C5088034FCD804BA46BCF834F132CAB0069C2717AFC016B488C1978019BC744AA,,,Lists/Job Seeker List/,Lists/Job Seeker List/190_.000,"{""@odata.type"":""#Microsoft.Azure.Connectors.SharePoint.SPListExpandedContentType"",""Id"":""0x01000C5088034FCD804BA46BCF834F132CAB0069C2717AFC016B488C1978019BC744AA"",""Name"":""Item""}",0x01000C5088034FCD804BA46BCF834F132CAB0069C2717AFC016B488C1978019BC744AA,False,1.0,,,
"""1""",191,191,"Aponte, Jose  ","Ballestero, Ana",407-494-9653,,,[],#Collection(Microsoft.Azure.Connectors.SharePoint.SPListExpandedReference),[],#Collection(Int64),[],#Collection(Microsoft.Azure.Connectors.SharePoint.SPListExpandedReference),[],#Collection(Int64),,4074949653,2026-09-29T11:48:59Z,2026-09-29T11:48:59Z,"{""@odata.type"":""#Microsoft.Azure.Connectors.SharePoint.SPListExpandedUser"",""Claims"":""i:0#.f|membership|markg6@churchofjesuschrist.org"",""DisplayName"":""Mark Goodell"",""Email"":""MarkG6@churchofjesuschrist.org"",""Picture"":""https://churchofjesuschrist.sharepoint.com/sites/OrlandoEmploymentOffice/_layouts/15/UserPhoto.aspx?Size=L&AccountName=MarkG6@churchofjesuschrist.org"",""Department"":""WSR"",""JobTitle"":null}",i:0#.f|membership|markg6@churchofjesuschrist.org,"{""@odata.type"":""#Microsoft.Azure.Connectors.SharePoint.SPListExpandedUser"",""Claims"":""i:0#.f|membership|markg6@churchofjesuschrist.org"",""DisplayName"":""Mark Goodell"",""Email"":""MarkG6@churchofjesuschrist.org"",""Picture"":""https://churchofjesuschrist.sharepoint.com/sites/OrlandoEmploymentOffice/_layouts/15/UserPhoto.aspx?Size=L&AccountName=MarkG6@churchofjesuschrist.org"",""Department"":""WSR"",""JobTitle"":null}",i:0#.f|membership|markg6@churchofjesuschrist.org,Lists%252fJob%2bSeeker%2bList%252f191_.000,False,"{""Full"":null,""Large"":null,""Medium"":null,""Small"":null}",https://churchofjesuschrist.sharepoint.com/sites/OrlandoEmploymentOffice/_layouts/15/listform.aspx?PageType=4&ListId=b60c55b1%2D83af%2D4242%2D8ef5%2Dc3cc54179acb&ID=191&ContentTypeID=0x01000C5088034FCD804BA46BCF834F132CAB0069C2717AFC016B488C1978019BC744AA,,,Lists/Job Seeker List/,Lists/Job Seeker List/191_.000,"{""@odata.type"":""#Microsoft.Azure.Connectors.SharePoint.SPListExpandedContentType"",""Id"":""0x01000C5088034FCD804BA46BCF834F132CAB0069C2717AFC016B488C1978019BC744AA"",""Name"":""Item""}",0x01000C5088034FCD804BA46BCF834F132CAB0069C2717AFC016B488C1978019BC744AA,False,1.0,,,
"""1""",192,192,"Araya, Yordi  ","Ballestero, Ana",305-926-5624,,,[],#Collection(Microsoft.Azure.Connectors.SharePoint.SPListExpandedReference),[],#Collection(Int64),[],#Collection(Microsoft.Azure.Connectors.SharePoint.SPListExpandedReference),[],#Collection(Int64),,3059265624,2026-09-29T11:48:59Z,2026-09-29T11:48:59Z,"{""@odata.type"":""#Microsoft.Azure.Connectors.SharePoint.SPListExpandedUser"",""Claims"":""i:0#.f|membership|markg6@churchofjesuschrist.org"",""DisplayName"":""Mark Goodell"",""Email"":""MarkG6@churchofjesuschrist.org"",""Picture"":""https://churchofjesuschrist.sharepoint.com/sites/OrlandoEmploymentOffice/_layouts/15/UserPhoto.aspx?Size=L&AccountName=MarkG6@churchofjesuschrist.org"",""Department"":""WSR"",""JobTitle"":null}",i:0#.f|membership|markg6@churchofjesuschrist.org,"{""@odata.type"":""#Microsoft.Azure.Connectors.SharePoint.SPListExpandedUser"",""Claims"":""i:0#.f|membership|markg6@churchofjesuschrist.org"",""DisplayName"":""Mark Goodell"",""Email"":""MarkG6@churchofjesuschrist.org"",""Picture"":""https://churchofjesuschrist.sharepoint.com/sites/OrlandoEmploymentOffice/_layouts/15/UserPhoto.aspx?Size=L&AccountName=MarkG6@churchofjesuschrist.org"",""Department"":""WSR"",""JobTitle"":null}",i:0#.f|membership|markg6@churchofjesuschrist.org,Lists%252fJob%2bSeeker%2bList%252f192_.000,False,"{""Full"":null,""Large"":null,""Medium"":null,""Small"":null}",https://churchofjesuschrist.sharepoint.com/sites/OrlandoEmploymentOffice/_layouts/15/listform.aspx?PageType=4&ListId=b60c55b1%2D83af%2D4242%2D8ef5%2Dc3cc54179acb&ID=192&ContentTypeID=0x01000C5088034FCD804BA46BCF834F132CAB0069C2717AFC016B488C1978019BC744AA,,,Lists/Job Seeker List/,Lists/Job Seeker List/192_.000,"{""@odata.type"":""#Microsoft.Azure.Connectors.SharePoint.SPListExpandedContentType"",""Id"":""0x01000C5088034FCD804BA46BCF834F132CAB0069C2717AFC016B488C1978019BC744AA"",""Name"":""Item""}",0x01000C5088034FCD804BA46BCF834F132CAB0069C2717AFC016B488C1978019BC744AA,False,1.0,,,
"""1""",193,193,"Augustin, Novelie  ","Bernard, Linon",561-552-2902,,,[],#Collection(Microsoft.Azure.Connectors.SharePoint.SPListExpandedReference),[],#Collection(Int64),[],#Collection(Microsoft.Azure.Connectors.SharePoint.SPListExpandedReference),[],#Collection(Int64),,5615522902,2026-09-29T11:49:00Z,2026-09-29T11:49:00Z,"{""@odata.type"":""#Microsoft.Azure.Connectors.SharePoint.SPListExpandedUser"",""Claims"":""i:0#.f|membership|markg6@churchofjesuschrist.org"",""DisplayName"":""Mark Goodell"",""Email"":""MarkG6@churchofjesuschrist.org"",""Picture"":""https://churchofjesuschrist.sharepoint.com/sites/OrlandoEmploymentOffice/_layouts/15/UserPhoto.aspx?Size=L&AccountName=MarkG6@churchofjesuschrist.org"",""Department"":""WSR"",""JobTitle"":null}",i:0#.f|membership|markg6@churchofjesuschrist.org,"{""@odata.type"":""#Microsoft.Azure.Connectors.SharePoint.SPListExpandedUser"",""Claims"":""i:0#.f|membership|markg6@churchofjesuschrist.org"",""DisplayName"":""Mark Goodell"",""Email"":""MarkG6@churchofjesuschrist.org"",""Picture"":""https://churchofjesuschrist.sharepoint.com/sites/OrlandoEmploymentOffice/_layouts/15/UserPhoto.aspx?Size=L&AccountName=MarkG6@churchofjesuschrist.org"",""Department"":""WSR"",""JobTitle"":null}",i:0#.f|membership|markg6@churchofjesuschrist.org,Lists%252fJob%2bSeeker%2bList%252f193_.000,False,"{""Full"":null,""Large"":null,""Medium"":null,""Small"":null}",https://churchofjesuschrist.sharepoint.com/sites/OrlandoEmploymentOffice/_layouts/15/listform.aspx?PageType=4&ListId=b60c55b1%2D83af%2D4242%2D8ef5%2Dc3cc54179acb&ID=193&ContentTypeID=0x01000C5088034FCD804BA46BCF834F132CAB0069C2717AFC016B488C1978019BC744AA,,,Lists/Job Seeker List/,Lists/Job Seeker List/193_.000,"{""@odata.type"":""#Microsoft.Azure.Connectors.SharePoint.SPListExpandedContentType"",""Id"":""0x01000C5088034FCD804BA46BCF834F132CAB0069C2717AFC016B488C1978019BC744AA"",""Name"":""Item""}",0x01000C5088034FCD804BA46BCF834F132CAB0069C2717AFC016B488C1978019BC744AA,False,1.0,,,
"""1""",194,194,"Avalor, Simon  ","Goodier, Kerry Mills",904-469-7198,,,[],#Collection(Microsoft.Azure.Connectors.SharePoint.SPListExpandedReference),[],#Collection(Int64),[],#Collection(Microsoft.Azure.Connectors.SharePoint.SPListExpandedReference),[],#Collection(Int64),,9044697198,2026-09-29T11:49:01Z,2026-09-29T11:49:01Z,"{""@odata.type"":""#Microsoft.Azure.Connectors.SharePoint.SPListExpandedUser"",""Claims"":""i:0#.f|membership|markg6@churchofjesuschrist.org"",""DisplayName"":""Mark Goodell"",""Email"":""MarkG6@churchofjesuschrist.org"",""Picture"":""https://churchofjesuschrist.sharepoint.com/sites/OrlandoEmploymentOffice/_layouts/15/UserPhoto.aspx?Size=L&AccountName=MarkG6@churchofjesuschrist.org"",""Department"":""WSR"",""JobTitle"":null}",i:0#.f|membership|markg6@churchofjesuschrist.org,"{""@odata.type"":""#Microsoft.Azure.Connectors.SharePoint.SPListExpandedUser"",""Claims"":""i:0#.f|membership|markg6@churchofjesuschrist.org"",""DisplayName"":""Mark Goodell"",""Email"":""MarkG6@churchofjesuschrist.org"",""Picture"":""https://churchofjesuschrist.sharepoint.com/sites/OrlandoEmploymentOffice/_layouts/15/UserPhoto.aspx?Size=L&AccountName=MarkG6@churchofjesuschrist.org"",""Department"":""WSR"",""JobTitle"":null}",i:0#.f|membership|markg6@churchofjesuschrist.org,Lists%252fJob%2bSeeker%2bList%252f194_.000,False,"{""Full"":null,""Large"":null,""Medium"":null,""Small"":null}",https://churchofjesuschrist.sharepoint.com/sites/OrlandoEmploymentOffice/_layouts/15/listform.aspx?PageType=4&ListId=b60c55b1%2D83af%2D4242%2D8ef5%2Dc3cc54179acb&ID=194&ContentTypeID=0x01000C5088034FCD804BA46BCF834F132CAB0069C2717AFC016B488C1978019BC744AA,,,Lists/Job Seeker List/,Lists/Job Seeker List/194_.000,"{""@odata.type"":""#Microsoft.Azure.Connectors.SharePoint.SPListExpandedContentType"",""Id"":""0x01000C5088034FCD804BA46BCF834F132CAB0069C2717AFC016B488C1978019BC744AA"",""Name"":""Item""}",0x01000C5088034FCD804BA46BCF834F132CAB0069C2717AFC016B488C1978019BC744AA,False,1.0,,,
"""2""",195,195,"Bacchus, Pauline *  ","Gray, Karen Louise",3473287193,Leesburg,,"[{""@odata.type"":""#Microsoft.Azure.Connectors.SharePoint.SPListExpandedReference"",""Id"":2,""Value"":""Customer Service""},{""@odata.type"":""#Microsoft.Azure.Connectors.SharePoint.SPListExpandedReference"",""Id"":-1,""Value"":""Call Center""}]",#Collection(Microsoft.Azure.Connectors.SharePoint.SPListExpandedReference),"[2,-1]",#Collection(Int64),[],#Collection(Microsoft.Azure.Connectors.SharePoint.SPListExpandedReference),[],#Collection(Int64),,3473287193,2026-09-29T18:00:51Z,2026-09-29T11:49:02Z,"{""@odata.type"":""#Microsoft.Azure.Connectors.SharePoint.SPListExpandedUser"",""Claims"":""i:0#.f|membership|markg6@churchofjesuschrist.org"",""DisplayName"":""Mark Goodell"",""Email"":""MarkG6@churchofjesuschrist.org"",""Picture"":""https://churchofjesuschrist.sharepoint.com/sites/OrlandoEmploymentOffice/_layouts/15/UserPhoto.aspx?Size=L&AccountName=MarkG6@churchofjesuschrist.org"",""Department"":""WSR"",""JobTitle"":null}",i:0#.f|membership|markg6@churchofjesuschrist.org,"{""@odata.type"":""#Microsoft.Azure.Connectors.SharePoint.SPListExpandedUser"",""Claims"":""i:0#.f|membership|kar3nl0uis3gray@churchofjesuschrist.org"",""DisplayName"":""Karen Louise Gray"",""Email"":""kar3nl0uis3gray@churchofjesuschrist.org"",""Picture"":""https://churchofjesuschrist.sharepoint.com/sites/OrlandoEmploymentOffice/_layouts/15/UserPhoto.aspx?Size=L&AccountName=kar3nl0uis3gray@churchofjesuschrist.org"",""Department"":""WSR"",""JobTitle"":null}",i:0#.f|membership|kar3nl0uis3gray@churchofjesuschrist.org,Lists%252fJob%2bSeeker%2bList%252f195_.000,False,"{""Full"":null,""Large"":null,""Medium"":null,""Small"":null}",https://churchofjesuschrist.sharepoint.com/sites/OrlandoEmploymentOffice/_layouts/15/listform.aspx?PageType=4&ListId=b60c55b1%2D83af%2D4242%2D8ef5%2Dc3cc54179acb&ID=195&ContentTypeID=0x01000C5088034FCD804BA46BCF834F132CAB0069C2717AFC016B488C1978019BC744AA,,,Lists/Job Seeker List/,Lists/Job Seeker List/195_.000,"{""@odata.type"":""#Microsoft.Azure.Connectors.SharePoint.SPListExpandedContentType"",""Id"":""0x01000C5088034FCD804BA46BCF834F132CAB0069C2717AFC016B488C1978019BC744AA"",""Name"":""Item""}",0x01000C5088034FCD804BA46BCF834F132CAB0069C2717AFC016B488C1978019BC744AA,False,2.0,34788,,
"""1""",197,197,"Baron, Michael  ","Ballestero, Ana",4073462387,,,[],#Collection(Microsoft.Azure.Connectors.SharePoint.SPListExpandedReference),[],#Collection(Int64),[],#Collection(Microsoft.Azure.Connectors.SharePoint.SPListExpandedReference),[],#Collection(Int64),,4073462387,2026-09-29T11:49:03Z,2026-09-29T11:49:03Z,"{""@odata.type"":""#Microsoft.Azure.Connectors.SharePoint.SPListExpandedUser"",""Claims"":""i:0#.f|membership|markg6@churchofjesuschrist.org"",""DisplayName"":""Mark Goodell"",""Email"":""MarkG6@churchofjesuschrist.org"",""Picture"":""https://churchofjesuschrist.sharepoint.com/sites/OrlandoEmploymentOffice/_layouts/15/UserPhoto.aspx?Size=L&AccountName=MarkG6@churchofjesuschrist.org"",""Department"":""WSR"",""JobTitle"":null}",i:0#.f|membership|markg6@churchofjesuschrist.org,"{""@odata.type"":""#Microsoft.Azure.Connectors.SharePoint.SPListExpandedUser"",""Claims"":""i:0#.f|membership|markg6@churchofjesuschrist.org"",""DisplayName"":""Mark Goodell"",""Email"":""MarkG6@churchofjesuschrist.org"",""Picture"":""https://churchofjesuschrist.sharepoint.com/sites/OrlandoEmploymentOffice/_layouts/15/UserPhoto.aspx?Size=L&AccountName=MarkG6@churchofjesuschrist.org"",""Department"":""WSR"",""JobTitle"":null}",i:0#.f|membership|markg6@churchofjesuschrist.org,Lists%252fJob%2bSeeker%2bList%252f197_.000,False,"{""Full"":null,""Large"":null,""Medium"":null,""Small"":null}",https://churchofjesuschrist.sharepoint.com/sites/OrlandoEmploymentOffice/_layouts/15/listform.aspx?PageType=4&ListId=b60c55b1%2D83af%2D4242%2D8ef5%2Dc3cc54179acb&ID=197&ContentTypeID=0x01000C5088034FCD804BA46BCF834F132CAB0069C2717AFC016B488C1978019BC744AA,,,Lists/Job Seeker List/,Lists/Job Seeker List/197_.000,"{""@odata.type"":""#Microsoft.Azure.Connectors.SharePoint.SPListExpandedContentType"",""Id"":""0x01000C5088034FCD804BA46BCF834F132CAB0069C2717AFC016B488C1978019BC744AA"",""Name"":""Item""}",0x01000C5088034FCD804BA46BCF834F132CAB0069C2717AFC016B488C1978019BC744AA,False,1.0,,,
"""1""",198,198,"Blackburn, Nathan  ","Goodier, Kerry Mills",(817) 925-0959,,,[],#Collection(Microsoft.Azure.Connectors.SharePoint.SPListExpandedReference),[],#Collection(Int64),[],#Collection(Microsoft.Azure.Connectors.SharePoint.SPListExpandedReference),[],#Collection(Int64),,8179250959,2026-09-29T11:49:04Z,2026-09-29T11:49:04Z,"{""@odata.type"":""#Microsoft.Azure.Connectors.SharePoint.SPListExpandedUser"",""Claims"":""i:0#.f|membership|markg6@churchofjesuschrist.org"",""DisplayName"":""Mark Goodell"",""Email"":""MarkG6@churchofjesuschrist.org"",""Picture"":""https://churchofjesuschrist.sharepoint.com/sites/OrlandoEmploymentOffice/_layouts/15/UserPhoto.aspx?Size=L&AccountName=MarkG6@churchofjesuschrist.org"",""Department"":""WSR"",""JobTitle"":null}",i:0#.f|membership|markg6@churchofjesuschrist.org,"{""@odata.type"":""#Microsoft.Azure.Connectors.SharePoint.SPListExpandedUser"",""Claims"":""i:0#.f|membership|markg6@churchofjesuschrist.org"",""DisplayName"":""Mark Goodell"",""Email"":""MarkG6@churchofjesuschrist.org"",""Picture"":""https://churchofjesuschrist.sharepoint.com/sites/OrlandoEmploymentOffice/_layouts/15/UserPhoto.aspx?Size=L&AccountName=MarkG6@churchofjesuschrist.org"",""Department"":""WSR"",""JobTitle"":null}",i:0#.f|membership|markg6@churchofjesuschrist.org,Lists%252fJob%2bSeeker%2bList%252f198_.000,False,"{""Full"":null,""Large"":null,""Medium"":null,""Small"":null}",https://churchofjesuschrist.sharepoint.com/sites/OrlandoEmploymentOffice/_layouts/15/listform.aspx?PageType=4&ListId=b60c55b1%2D83af%2D4242%2D8ef5%2Dc3cc54179acb&ID=198&ContentTypeID=0x01000C5088034FCD804BA46BCF834F132CAB0069C2717AFC016B488C1978019BC744AA,,,Lists/Job Seeker List/,Lists/Job Seeker List/198_.000,"{""@odata.type"":""#Microsoft.Azure.Connectors.SharePoint.SPListExpandedContentType"",""Id"":""0x01000C5088034FCD804BA46BCF834F132CAB0069C2717AFC016B488C1978019BC744AA"",""Name"":""Item""}",0x01000C5088034FCD804BA46BCF834F132CAB0069C2717AFC016B488C1978019BC744AA,False,1.0,,,
"""2""",199,199,"Bliler, Valerie  ","Gray, Karen Louise",+1 719-491-6519,Orlando,,[],#Collection(Microsoft.Azure.Connectors.SharePoint.SPListExpandedReference),[],#Collection(Int64),[],#Collection(Microsoft.Azure.Connectors.SharePoint.SPListExpandedReference),[],#Collection(Int64),,7194916519,2026-09-29T18:04:34Z,2026-09-29T11:49:04Z,"{""@odata.type"":""#Microsoft.Azure.Connectors.SharePoint.SPListExpandedUser"",""Claims"":""i:0#.f|membership|markg6@churchofjesuschrist.org"",""DisplayName"":""Mark Goodell"",""Email"":""MarkG6@churchofjesuschrist.org"",""Picture"":""https://churchofjesuschrist.sharepoint.com/sites/OrlandoEmploymentOffice/_layouts/15/UserPhoto.aspx?Size=L&AccountName=MarkG6@churchofjesuschrist.org"",""Department"":""WSR"",""JobTitle"":null}",i:0#.f|membership|markg6@churchofjesuschrist.org,"{""@odata.type"":""#Microsoft.Azure.Connectors.SharePoint.SPListExpandedUser"",""Claims"":""i:0#.f|membership|kar3nl0uis3gray@churchofjesuschrist.org"",""DisplayName"":""Karen Louise Gray"",""Email"":""kar3nl0uis3gray@churchofjesuschrist.org"",""Picture"":""https://churchofjesuschrist.sharepoint.com/sites/OrlandoEmploymentOffice/_layouts/15/UserPhoto.aspx?Size=L&AccountName=kar3nl0uis3gray@churchofjesuschrist.org"",""Department"":""WSR"",""JobTitle"":null}",i:0#.f|membership|kar3nl0uis3gray@churchofjesuschrist.org,Lists%252fJob%2bSeeker%2bList%252f199_.000,False,"{""Full"":null,""Large"":null,""Medium"":null,""Small"":null}",https://churchofjesuschrist.sharepoint.com/sites/OrlandoEmploymentOffice/_layouts/15/listform.aspx?PageType=4&ListId=b60c55b1%2D83af%2D4242%2D8ef5%2Dc3cc54179acb&ID=199&ContentTypeID=0x01000C5088034FCD804BA46BCF834F132CAB0069C2717AFC016B488C1978019BC744AA,,,Lists/Job Seeker List/,Lists/Job Seeker List/199_.000,"{""@odata.type"":""#Microsoft.Azure.Connectors.SharePoint.SPListExpandedContentType"",""Id"":""0x01000C5088034FCD804BA46BCF834F132CAB0069C2717AFC016B488C1978019BC744AA"",""Name"":""Item""}",0x01000C5088034FCD804BA46BCF834F132CAB0069C2717AFC016B488C1978019BC744AA,False,2.0,,,
"""6""",200,200,"Boulware, Gerald   ","Russell, Phillip",4245181236,Miami,,"[{""@odata.type"":""#Microsoft.Azure.Connectors.SharePoint.SPListExpandedReference"",""Id"":-1,""Value"":""Marketing""},{""@odata.type"":""#Microsoft.Azure.Connectors.SharePoint.SPListExpandedReference"",""Id"":-1,""Value"":""Sales""}]",#Collection(Microsoft.Azure.Connectors.SharePoint.SPListExpandedReference),"[-1,-1]",#Collection(Int64),[],#Collection(Microsoft.Azure.Connectors.SharePoint.SPListExpandedReference),[],#Collection(Int64),,4245181236,2026-09-29T12:19:26Z,2026-09-29T11:49:05Z,"{""@odata.type"":""#Microsoft.Azure.Connectors.SharePoint.SPListExpandedUser"",""Claims"":""i:0#.f|membership|markg6@churchofjesuschrist.org"",""DisplayName"":""Mark Goodell"",""Email"":""MarkG6@churchofjesuschrist.org"",""Picture"":""https://churchofjesuschrist.sharepoint.com/sites/OrlandoEmploymentOffice/_layouts/15/UserPhoto.aspx?Size=L&AccountName=MarkG6@churchofjesuschrist.org"",""Department"":""WSR"",""JobTitle"":null}",i:0#.f|membership|markg6@churchofjesuschrist.org,"{""@odata.type"":""#Microsoft.Azure.Connectors.SharePoint.SPListExpandedUser"",""Claims"":""i:0#.f|membership|markg6@churchofjesuschrist.org"",""DisplayName"":""Mark Goodell"",""Email"":""MarkG6@churchofjesuschrist.org"",""Picture"":""https://churchofjesuschrist.sharepoint.com/sites/OrlandoEmploymentOffice/_layouts/15/UserPhoto.aspx?Size=L&AccountName=MarkG6@churchofjesuschrist.org"",""Department"":""WSR"",""JobTitle"":null}",i:0#.f|membership|markg6@churchofjesuschrist.org,Lists%252fJob%2bSeeker%2bList%252f200_.000,False,"{""Full"":null,""Large"":null,""Medium"":null,""Small"":null}",https://churchofjesuschrist.sharepoint.com/sites/OrlandoEmploymentOffice/_layouts/15/listform.aspx?PageType=4&ListId=b60c55b1%2D83af%2D4242%2D8ef5%2Dc3cc54179acb&ID=200&ContentTypeID=0x01000C5088034FCD804BA46BCF834F132CAB0069C2717AFC016B488C1978019BC744AA,,,Lists/Job Seeker List/,Lists/Job Seeker List/200_.000,"{""@odata.type"":""#Microsoft.Azure.Connectors.SharePoint.SPListExpandedContentType"",""Id"":""0x01000C5088034FCD804BA46BCF834F132CAB0069C2717AFC016B488C1978019BC744AA"",""Name"":""Item""}",0x01000C5088034FCD804BA46BCF834F132CAB0069C2717AFC016B488C1978019BC744AA,False,6.0,,,
"""2""",201,201,"Briceno, Ana  ","Russell, Tamara",4073252342,Orlando,7018 Balboa Dr,[],#Collection(Microsoft.Azure.Connectors.SharePoint.SPListExpandedReference),[],#Collection(Int64),[],#Collection(Microsoft.Azure.Connectors.SharePoint.SPListExpandedReference),[],#Collection(Int64),,4073252342,2026-09-29T12:14:53Z,2026-09-29T11:49:06Z,"{""@odata.type"":""#Microsoft.Azure.Connectors.SharePoint.SPListExpandedUser"",""Claims"":""i:0#.f|membership|markg6@churchofjesuschrist.org"",""DisplayName"":""Mark Goodell"",""Email"":""MarkG6@churchofjesuschrist.org"",""Picture"":""https://churchofjesuschrist.sharepoint.com/sites/OrlandoEmploymentOffice/_layouts/15/UserPhoto.aspx?Size=L&AccountName=MarkG6@churchofjesuschrist.org"",""Department"":""WSR"",""JobTitle"":null}",i:0#.f|membership|markg6@churchofjesuschrist.org,"{""@odata.type"":""#Microsoft.Azure.Connectors.SharePoint.SPListExpandedUser"",""Claims"":""i:0#.f|membership|markg6@churchofjesuschrist.org"",""DisplayName"":""Mark Goodell"",""Email"":""MarkG6@churchofjesuschrist.org"",""Picture"":""https://churchofjesuschrist.sharepoint.com/sites/OrlandoEmploymentOffice/_layouts/15/UserPhoto.aspx?Size=L&AccountName=MarkG6@churchofjesuschrist.org"",""Department"":""WSR"",""JobTitle"":null}",i:0#.f|membership|markg6@churchofjesuschrist.org,Lists%252fJob%2bSeeker%2bList%252f201_.000,False,"{""Full"":null,""Large"":null,""Medium"":null,""Small"":null}",https://churchofjesuschrist.sharepoint.com/sites/OrlandoEmploymentOffice/_layouts/15/listform.aspx?PageType=4&ListId=b60c55b1%2D83af%2D4242%2D8ef5%2Dc3cc54179acb&ID=201&ContentTypeID=0x01000C5088034FCD804BA46BCF834F132CAB0069C2717AFC016B488C1978019BC744AA,,,Lists/Job Seeker List/,Lists/Job Seeker List/201_.000,"{""@odata.type"":""#Microsoft.Azure.Connectors.SharePoint.SPListExpandedContentType"",""Id"":""0x01000C5088034FCD804BA46BCF834F132CAB0069C2717AFC016B488C1978019BC744AA"",""Name"":""Item""}",0x01000C5088034FCD804BA46BCF834F132CAB0069C2717AFC016B488C1978019BC744AA,False,2.0,,,
"""3""",202,202,"Burton, Edward  ","Stanley, Thomas",321-539-051,Orlando,,[],#Collection(Microsoft.Azure.Connectors.SharePoint.SPListExpandedReference),[],#Collection(Int64),"[{""@odata.type"":""#Microsoft.Azure.Connectors.SharePoint.SPListExpandedReference"",""Id"":4,""Value"":""Homeless""},{""@odata.type"":""#Microsoft.Azure.Connectors.SharePoint.SPListExpandedReference"",""Id"":3,""Value"":""No Transportation""},{""@odata.type"":""#Microsoft.Azure.Connectors.SharePoint.SPListExpandedReference"",""Id"":1,""Value"":""Background Investigation Challenges""},{""@odata.type"":""#Microsoft.Azure.Connectors.SharePoint.SPListExpandedReference"",""Id"":6,""Value"":""SSI Pending - can't currently take a job""}]",#Collection(Microsoft.Azure.Connectors.SharePoint.SPListExpandedReference),"[4,3,1,6]",#Collection(Int64),on county probation,321539051,2026-09-29T15:02:17Z,2026-09-29T11:49:07Z,"{""@odata.type"":""#Microsoft.Azure.Connectors.SharePoint.SPListExpandedUser"",""Claims"":""i:0#.f|membership|markg6@churchofjesuschrist.org"",""DisplayName"":""Mark Goodell"",""Email"":""MarkG6@churchofjesuschrist.org"",""Picture"":""https://churchofjesuschrist.sharepoint.com/sites/OrlandoEmploymentOffice/_layouts/15/UserPhoto.aspx?Size=L&AccountName=MarkG6@churchofjesuschrist.org"",""Department"":""WSR"",""JobTitle"":null}",i:0#.f|membership|markg6@churchofjesuschrist.org,"{""@odata.type"":""#Microsoft.Azure.Connectors.SharePoint.SPListExpandedUser"",""Claims"":""i:0#.f|membership|stanleyt@churchofjesuschrist.org"",""DisplayName"":""Rick Stanley"",""Email"":""Rick.Stanley@churchofjesuschrist.org"",""Picture"":""https://churchofjesuschrist.sharepoint.com/sites/OrlandoEmploymentOffice/_layouts/15/UserPhoto.aspx?Size=L&AccountName=Rick.Stanley@churchofjesuschrist.org"",""Department"":""WSR"",""JobTitle"":""Employment Services Missionary""}",i:0#.f|membership|stanleyt@churchofjesuschrist.org,Lists%252fJob%2bSeeker%2bList%252f202_.000,False,"{""Full"":null,""Large"":null,""Medium"":null,""Small"":null}",https://churchofjesuschrist.sharepoint.com/sites/OrlandoEmploymentOffice/_layouts/15/listform.aspx?PageType=4&ListId=b60c55b1%2D83af%2D4242%2D8ef5%2Dc3cc54179acb&ID=202&ContentTypeID=0x01000C5088034FCD804BA46BCF834F132CAB0069C2717AFC016B488C1978019BC744AA,,,Lists/Job Seeker List/,Lists/Job Seeker List/202_.000,"{""@odata.type"":""#Microsoft.Azure.Connectors.SharePoint.SPListExpandedContentType"",""Id"":""0x01000C5088034FCD804BA46BCF834F132CAB0069C2717AFC016B488C1978019BC744AA"",""Name"":""Item""}",0x01000C5088034FCD804BA46BCF834F132CAB0069C2717AFC016B488C1978019BC744AA,False,3.0,32811,"{""@odata.type"":""#Microsoft.Azure.Connectors.SharePoint.SPListExpandedReference"",""Id"":0,""Value"":""Actively seeking employment""}",0
"""1""",203,203,"Carmona, Johnny  ","Russell, Tamara",407-600-9451,,,[],#Collection(Microsoft.Azure.Connectors.SharePoint.SPListExpandedReference),[],#Collection(Int64),[],#Collection(Microsoft.Azure.Connectors.SharePoint.SPListExpandedReference),[],#Collection(Int64),,4076009451,2026-09-29T11:49:08Z,2026-09-29T11:49:08Z,"{""@odata.type"":""#Microsoft.Azure.Connectors.SharePoint.SPListExpandedUser"",""Claims"":""i:0#.f|membership|markg6@churchofjesuschrist.org"",""DisplayName"":""Mark Goodell"",""Email"":""MarkG6@churchofjesuschrist.org"",""Picture"":""https://churchofjesuschrist.sharepoint.com/sites/OrlandoEmploymentOffice/_layouts/15/UserPhoto.aspx?Size=L&AccountName=MarkG6@churchofjesuschrist.org"",""Department"":""WSR"",""JobTitle"":null}",i:0#.f|membership|markg6@churchofjesuschrist.org,"{""@odata.type"":""#Microsoft.Azure.Connectors.SharePoint.SPListExpandedUser"",""Claims"":""i:0#.f|membership|markg6@churchofjesuschrist.org"",""DisplayName"":""Mark Goodell"",""Email"":""MarkG6@churchofjesuschrist.org"",""Picture"":""https://churchofjesuschrist.sharepoint.com/sites/OrlandoEmploymentOffice/_layouts/15/UserPhoto.aspx?Size=L&AccountName=MarkG6@churchofjesuschrist.org"",""Department"":""WSR"",""JobTitle"":null}",i:0#.f|membership|markg6@churchofjesuschrist.org,Lists%252fJob%2bSeeker%2bList%252f203_.000,False,"{""Full"":null,""Large"":null,""Medium"":null,""Small"":null}",https://churchofjesuschrist.sharepoint.com/sites/OrlandoEmploymentOffice/_layouts/15/listform.aspx?PageType=4&ListId=b60c55b1%2D83af%2D4242%2D8ef5%2Dc3cc54179acb&ID=203&ContentTypeID=0x01000C5088034FCD804BA46BCF834F132CAB0069C2717AFC016B488C1978019BC744AA,,,Lists/Job Seeker List/,Lists/Job Seeker List/203_.000,"{""@odata.type"":""#Microsoft.Azure.Connectors.SharePoint.SPListExpandedContentType"",""Id"":""0x01000C5088034FCD804BA46BCF834F132CAB0069C2717AFC016B488C1978019BC744AA"",""Name"":""Item""}",0x01000C5088034FCD804BA46BCF834F132CAB0069C2717AFC016B488C1978019BC744AA,False,1.0,,,
"""1""",204,204,"Castrillo, Rossy  ","Ballestero, Ana",786- 449-8739,,,[],#Collection(Microsoft.Azure.Connectors.SharePoint.SPListExpandedReference),[],#Collection(Int64),[],#Collection(Microsoft.Azure.Connectors.SharePoint.SPListExpandedReference),[],#Collection(Int64),,7864498739,2026-09-29T11:49:08Z,2026-09-29T11:49:08Z,"{""@odata.type"":""#Microsoft.Azure.Connectors.SharePoint.SPListExpandedUser"",""Claims"":""i:0#.f|membership|markg6@churchofjesuschrist.org"",""DisplayName"":""Mark Goodell"",""Email"":""MarkG6@churchofjesuschrist.org"",""Picture"":""https://churchofjesuschrist.sharepoint.com/sites/OrlandoEmploymentOffice/_layouts/15/UserPhoto.aspx?Size=L&AccountName=MarkG6@churchofjesuschrist.org"",""Department"":""WSR"",""JobTitle"":null}",i:0#.f|membership|markg6@churchofjesuschrist.org,"{""@odata.type"":""#Microsoft.Azure.Connectors.SharePoint.SPListExpandedUser"",""Claims"":""i:0#.f|membership|markg6@churchofjesuschrist.org"",""DisplayName"":""Mark Goodell"",""Email"":""MarkG6@churchofjesuschrist.org"",""Picture"":""https://churchofjesuschrist.sharepoint.com/sites/OrlandoEmploymentOffice/_layouts/15/UserPhoto.aspx?Size=L&AccountName=MarkG6@churchofjesuschrist.org"",""Department"":""WSR"",""JobTitle"":null}",i:0#.f|membership|markg6@churchofjesuschrist.org,Lists%252fJob%2bSeeker%2bList%252f204_.000,False,"{""Full"":null,""Large"":null,""Medium"":null,""Small"":null}",https://churchofjesuschrist.sharepoint.com/sites/OrlandoEmploymentOffice/_layouts/15/listform.aspx?PageType=4&ListId=b60c55b1%2D83af%2D4242%2D8ef5%2Dc3cc54179acb&ID=204&ContentTypeID=0x01000C5088034FCD804BA46BCF834F132CAB0069C2717AFC016B488C1978019BC744AA,,,Lists/Job Seeker List/,Lists/Job Seeker List/204_.000,"{""@odata.type"":""#Microsoft.Azure.Connectors.SharePoint.SPListExpandedContentType"",""Id"":""0x01000C5088034FCD804BA46BCF834F132CAB0069C2717AFC016B488C1978019BC744AA"",""Name"":""Item""}",0x01000C5088034FCD804BA46BCF834F132CAB0069C2717AFC016B488C1978019BC744AA,False,1.0,,,
"""1""",205,205,"Castro, Erika  ","McGuire, Sandy",347-595-5779,,,[],#Collection(Microsoft.Azure.Connectors.SharePoint.SPListExpandedReference),[],#Collection(Int64),[],#Collection(Microsoft.Azure.Connectors.SharePoint.SPListExpandedReference),[],#Collection(Int64),,3475955779,2026-09-29T11:49:09Z,2026-09-29T11:49:09Z,"{""@odata.type"":""#Microsoft.Azure.Connectors.SharePoint.SPListExpandedUser"",""Claims"":""i:0#.f|membership|markg6@churchofjesuschrist.org"",""DisplayName"":""Mark Goodell"",""Email"":""MarkG6@churchofjesuschrist.org"",""Picture"":""https://churchofjesuschrist.sharepoint.com/sites/OrlandoEmploymentOffice/_layouts/15/UserPhoto.aspx?Size=L&AccountName=MarkG6@churchofjesuschrist.org"",""Department"":""WSR"",""JobTitle"":null}",i:0#.f|membership|markg6@churchofjesuschrist.org,"{""@odata.type"":""#Microsoft.Azure.Connectors.SharePoint.SPListExpandedUser"",""Claims"":""i:0#.f|membership|markg6@churchofjesuschrist.org"",""DisplayName"":""Mark Goodell"",""Email"":""MarkG6@churchofjesuschrist.org"",""Picture"":""https://churchofjesuschrist.sharepoint.com/sites/OrlandoEmploymentOffice/_layouts/15/UserPhoto.aspx?Size=L&AccountName=MarkG6@churchofjesuschrist.org"",""Department"":""WSR"",""JobTitle"":null}",i:0#.f|membership|markg6@churchofjesuschrist.org,Lists%252fJob%2bSeeker%2bList%252f205_.000,False,"{""Full"":null,""Large"":null,""Medium"":null,""Small"":null}",https://churchofjesuschrist.sharepoint.com/sites/OrlandoEmploymentOffice/_layouts/15/listform.aspx?PageType=4&ListId=b60c55b1%2D83af%2D4242%2D8ef5%2Dc3cc54179acb&ID=205&ContentTypeID=0x01000C5088034FCD804BA46BCF834F132CAB0069C2717AFC016B488C1978019BC744AA,,,Lists/Job Seeker List/,Lists/Job Seeker List/205_.000,"{""@odata.type"":""#Microsoft.Azure.Connectors.SharePoint.SPListExpandedContentType"",""Id"":""0x01000C5088034FCD804BA46BCF834F132CAB0069C2717AFC016B488C1978019BC744AA"",""Name"":""Item""}",0x01000C5088034FCD804BA46BCF834F132CAB0069C2717AFC016B488C1978019BC744AA,False,1.0,,,
"""1""",206,206,"Castro, Lilianny  ","Medina, Lizette",407-456-5437,,,[],#Collection(Microsoft.Azure.Connectors.SharePoint.SPListExpandedReference),[],#Collection(Int64),[],#Collection(Microsoft.Azure.Connectors.SharePoint.SPListExpandedReference),[],#Collection(Int64),,4074565437,2026-09-29T11:49:10Z,2026-09-29T11:49:10Z,"{""@odata.type"":""#Microsoft.Azure.Connectors.SharePoint.SPListExpandedUser"",""Claims"":""i:0#.f|membership|markg6@churchofjesuschrist.org"",""DisplayName"":""Mark Goodell"",""Email"":""MarkG6@churchofjesuschrist.org"",""Picture"":""https://churchofjesuschrist.sharepoint.com/sites/OrlandoEmploymentOffice/_layouts/15/UserPhoto.aspx?Size=L&AccountName=MarkG6@churchofjesuschrist.org"",""Department"":""WSR"",""JobTitle"":null}",i:0#.f|membership|markg6@churchofjesuschrist.org,"{""@odata.type"":""#Microsoft.Azure.Connectors.SharePoint.SPListExpandedUser"",""Claims"":""i:0#.f|membership|markg6@churchofjesuschrist.org"",""DisplayName"":""Mark Goodell"",""Email"":""MarkG6@churchofjesuschrist.org"",""Picture"":""https://churchofjesuschrist.sharepoint.com/sites/OrlandoEmploymentOffice/_layouts/15/UserPhoto.aspx?Size=L&AccountName=MarkG6@churchofjesuschrist.org"",""Department"":""WSR"",""JobTitle"":null}",i:0#.f|membership|markg6@churchofjesuschrist.org,Lists%252fJob%2bSeeker%2bList%252f206_.000,False,"{""Full"":null,""Large"":null,""Medium"":null,""Small"":null}",https://churchofjesuschrist.sharepoint.com/sites/OrlandoEmploymentOffice/_layouts/15/listform.aspx?PageType=4&ListId=b60c55b1%2D83af%2D4242%2D8ef5%2Dc3cc54179acb&ID=206&ContentTypeID=0x01000C5088034FCD804BA46BCF834F132CAB0069C2717AFC016B488C1978019BC744AA,,,Lists/Job Seeker List/,Lists/Job Seeker List/206_.000,"{""@odata.type"":""#Microsoft.Azure.Connectors.SharePoint.SPListExpandedContentType"",""Id"":""0x01000C5088034FCD804BA46BCF834F132CAB0069C2717AFC016B488C1978019BC744AA"",""Name"":""Item""}",0x01000C5088034FCD804BA46BCF834F132CAB0069C2717AFC016B488C1978019BC744AA,False,1.0,,,
"""3""",207,207,"Cawley, Charly  ","Gray, Karen Louise",3859009066,Davenport,,[],#Collection(Microsoft.Azure.Connectors.SharePoint.SPListExpandedReference),[],#Collection(Int64),[],#Collection(Microsoft.Azure.Connectors.SharePoint.SPListExpandedReference),[],#Collection(Int64),,3859009066,2026-09-29T19:47:34Z,2026-09-29T11:49:10Z,"{""@odata.type"":""#Microsoft.Azure.Connectors.SharePoint.SPListExpandedUser"",""Claims"":""i:0#.f|membership|markg6@churchofjesuschrist.org"",""DisplayName"":""Mark Goodell"",""Email"":""MarkG6@churchofjesuschrist.org"",""Picture"":""https://churchofjesuschrist.sharepoint.com/sites/OrlandoEmploymentOffice/_layouts/15/UserPhoto.aspx?Size=L&AccountName=MarkG6@churchofjesuschrist.org"",""Department"":""WSR"",""JobTitle"":null}",i:0#.f|membership|markg6@churchofjesuschrist.org,"{""@odata.type"":""#Microsoft.Azure.Connectors.SharePoint.SPListExpandedUser"",""Claims"":""i:0#.f|membership|kar3nl0uis3gray@churchofjesuschrist.org"",""DisplayName"":""Karen Louise Gray"",""Email"":""kar3nl0uis3gray@churchofjesuschrist.org"",""Picture"":""https://churchofjesuschrist.sharepoint.com/sites/OrlandoEmploymentOffice/_layouts/15/UserPhoto.aspx?Size=L&AccountName=kar3nl0uis3gray@churchofjesuschrist.org"",""Department"":""WSR"",""JobTitle"":null}",i:0#.f|membership|kar3nl0uis3gray@churchofjesuschrist.org,Lists%252fJob%2bSeeker%2bList%252f207_.000,False,"{""Full"":null,""Large"":null,""Medium"":null,""Small"":null}",https://churchofjesuschrist.sharepoint.com/sites/OrlandoEmploymentOffice/_layouts/15/listform.aspx?PageType=4&ListId=b60c55b1%2D83af%2D4242%2D8ef5%2Dc3cc54179acb&ID=207&ContentTypeID=0x01000C5088034FCD804BA46BCF834F132CAB0069C2717AFC016B488C1978019BC744AA,,,Lists/Job Seeker List/,Lists/Job Seeker List/207_.000,"{""@odata.type"":""#Microsoft.Azure.Connectors.SharePoint.SPListExpandedContentType"",""Id"":""0x01000C5088034FCD804BA46BCF834F132CAB0069C2717AFC016B488C1978019BC744AA"",""Name"":""Item""}",0x01000C5088034FCD804BA46BCF834F132CAB0069C2717AFC016B488C1978019BC744AA,False,3.0,"33837, 33897, 33896, 33836",,
"""3""",208,208,"Cawley, Richard  ","Russell, Phillip",3855069290,Davenport,886 Fortezza Loop,"[{""@odata.type"":""#Microsoft.Azure.Connectors.SharePoint.SPListExpandedReference"",""Id"":-1,""Value"":""Security""},{""@odata.type"":""#Microsoft.Azure.Connectors.SharePoint.SPListExpandedReference"",""Id"":-1,""Value"":""Corrections""}]",#Collection(Microsoft.Azure.Connectors.SharePoint.SPListExpandedReference),"[-1,-1]",#Collection(Int64),[],#Collection(Microsoft.Azure.Connectors.SharePoint.SPListExpandedReference),[],#Collection(Int64),,3855069290,2026-09-29T12:20:42Z,2026-09-29T11:49:11Z,"{""@odata.type"":""#Microsoft.Azure.Connectors.SharePoint.SPListExpandedUser"",""Claims"":""i:0#.f|membership|markg6@churchofjesuschrist.org"",""DisplayName"":""Mark Goodell"",""Email"":""MarkG6@churchofjesuschrist.org"",""Picture"":""https://churchofjesuschrist.sharepoint.com/sites/OrlandoEmploymentOffice/_layouts/15/UserPhoto.aspx?Size=L&AccountName=MarkG6@churchofjesuschrist.org"",""Department"":""WSR"",""JobTitle"":null}",i:0#.f|membership|markg6@churchofjesuschrist.org,"{""@odata.type"":""#Microsoft.Azure.Connectors.SharePoint.SPListExpandedUser"",""Claims"":""i:0#.f|membership|markg6@churchofjesuschrist.org"",""DisplayName"":""Mark Goodell"",""Email"":""MarkG6@churchofjesuschrist.org"",""Picture"":""https://churchofjesuschrist.sharepoint.com/sites/OrlandoEmploymentOffice/_layouts/15/UserPhoto.aspx?Size=L&AccountName=MarkG6@churchofjesuschrist.org"",""Department"":""WSR"",""JobTitle"":null}",i:0#.f|membership|markg6@churchofjesuschrist.org,Lists%252fJob%2bSeeker%2bList%252f208_.000,False,"{""Full"":null,""Large"":null,""Medium"":null,""Small"":null}",https://churchofjesuschrist.sharepoint.com/sites/OrlandoEmploymentOffice/_layouts/15/listform.aspx?PageType=4&ListId=b60c55b1%2D83af%2D4242%2D8ef5%2Dc3cc54179acb&ID=208&ContentTypeID=0x01000C5088034FCD804BA46BCF834F132CAB0069C2717AFC016B488C1978019BC744AA,,,Lists/Job Seeker List/,Lists/Job Seeker List/208_.000,"{""@odata.type"":""#Microsoft.Azure.Connectors.SharePoint.SPListExpandedContentType"",""Id"":""0x01000C5088034FCD804BA46BCF834F132CAB0069C2717AFC016B488C1978019BC744AA"",""Name"":""Item""}",0x01000C5088034FCD804BA46BCF834F132CAB0069C2717AFC016B488C1978019BC744AA,False,3.0,33897,,
"""1""",209,209,"Chaparro, Jenny  ","Ballestero, Ana",305-494-8047,,,[],#Collection(Microsoft.Azure.Connectors.SharePoint.SPListExpandedReference),[],#Collection(Int64),[],#Collection(Microsoft.Azure.Connectors.SharePoint.SPListExpandedReference),[],#Collection(Int64),,3054948047,2026-09-29T11:49:12Z,2026-09-29T11:49:12Z,"{""@odata.type"":""#Microsoft.Azure.Connectors.SharePoint.SPListExpandedUser"",""Claims"":""i:0#.f|membership|markg6@churchofjesuschrist.org"",""DisplayName"":""Mark Goodell"",""Email"":""MarkG6@churchofjesuschrist.org"",""Picture"":""https://churchofjesuschrist.sharepoint.com/sites/OrlandoEmploymentOffice/_layouts/15/UserPhoto.aspx?Size=L&AccountName=MarkG6@churchofjesuschrist.org"",""Department"":""WSR"",""JobTitle"":null}",i:0#.f|membership|markg6@churchofjesuschrist.org,"{""@odata.type"":""#Microsoft.Azure.Connectors.SharePoint.SPListExpandedUser"",""Claims"":""i:0#.f|membership|markg6@churchofjesuschrist.org"",""DisplayName"":""Mark Goodell"",""Email"":""MarkG6@churchofjesuschrist.org"",""Picture"":""https://churchofjesuschrist.sharepoint.com/sites/OrlandoEmploymentOffice/_layouts/15/UserPhoto.aspx?Size=L&AccountName=MarkG6@churchofjesuschrist.org"",""Department"":""WSR"",""JobTitle"":null}",i:0#.f|membership|markg6@churchofjesuschrist.org,Lists%252fJob%2bSeeker%2bList%252f209_.000,False,"{""Full"":null,""Large"":null,""Medium"":null,""Small"":null}",https://churchofjesuschrist.sharepoint.com/sites/OrlandoEmploymentOffice/_layouts/15/listform.aspx?PageType=4&ListId=b60c55b1%2D83af%2D4242%2D8ef5%2Dc3cc54179acb&ID=209&ContentTypeID=0x01000C5088034FCD804BA46BCF834F132CAB0069C2717AFC016B488C1978019BC744AA,,,Lists/Job Seeker List/,Lists/Job Seeker List/209_.000,"{""@odata.type"":""#Microsoft.Azure.Connectors.SharePoint.SPListExpandedContentType"",""Id"":""0x01000C5088034FCD804BA46BCF834F132CAB0069C2717AFC016B488C1978019BC744AA"",""Name"":""Item""}",0x01000C5088034FCD804BA46BCF834F132CAB0069C2717AFC016B488C1978019BC744AA,False,1.0,,,
"""1""",210,210,"Cidlevicz, Chad  ","Goodier, Kerry Mills",321-412-3220,,,[],#Collection(Microsoft.Azure.Connectors.SharePoint.SPListExpandedReference),[],#Collection(Int64),[],#Collection(Microsoft.Azure.Connectors.SharePoint.SPListExpandedReference),[],#Collection(Int64),,3214123220,2026-09-29T11:49:14Z,2026-09-29T11:49:14Z,"{""@odata.type"":""#Microsoft.Azure.Connectors.SharePoint.SPListExpandedUser"",""Claims"":""i:0#.f|membership|markg6@churchofjesuschrist.org"",""DisplayName"":""Mark Goodell"",""Email"":""MarkG6@churchofjesuschrist.org"",""Picture"":""https://churchofjesuschrist.sharepoint.com/sites/OrlandoEmploymentOffice/_layouts/15/UserPhoto.aspx?Size=L&AccountName=MarkG6@churchofjesuschrist.org"",""Department"":""WSR"",""JobTitle"":null}",i:0#.f|membership|markg6@churchofjesuschrist.org,"{""@odata.type"":""#Microsoft.Azure.Connectors.SharePoint.SPListExpandedUser"",""Claims"":""i:0#.f|membership|markg6@churchofjesuschrist.org"",""DisplayName"":""Mark Goodell"",""Email"":""MarkG6@churchofjesuschrist.org"",""Picture"":""https://churchofjesuschrist.sharepoint.com/sites/OrlandoEmploymentOffice/_layouts/15/UserPhoto.aspx?Size=L&AccountName=MarkG6@churchofjesuschrist.org"",""Department"":""WSR"",""JobTitle"":null}",i:0#.f|membership|markg6@churchofjesuschrist.org,Lists%252fJob%2bSeeker%2bList%252f210_.000,False,"{""Full"":null,""Large"":null,""Medium"":null,""Small"":null}",https://churchofjesuschrist.sharepoint.com/sites/OrlandoEmploymentOffice/_layouts/15/listform.aspx?PageType=4&ListId=b60c55b1%2D83af%2D4242%2D8ef5%2Dc3cc54179acb&ID=210&ContentTypeID=0x01000C5088034FCD804BA46BCF834F132CAB0069C2717AFC016B488C1978019BC744AA,,,Lists/Job Seeker List/,Lists/Job Seeker List/210_.000,"{""@odata.type"":""#Microsoft.Azure.Connectors.SharePoint.SPListExpandedContentType"",""Id"":""0x01000C5088034FCD804BA46BCF834F132CAB0069C2717AFC016B488C1978019BC744AA"",""Name"":""Item""}",0x01000C5088034FCD804BA46BCF834F132CAB0069C2717AFC016B488C1978019BC744AA,False,1.0,,,
"""1""",211,211,"Cobb, Jamie  ","Pickard, Aidan Reilly",3529323161,,,[],#Collection(Microsoft.Azure.Connectors.SharePoint.SPListExpandedReference),[],#Collection(Int64),[],#Collection(Microsoft.Azure.Connectors.SharePoint.SPListExpandedReference),[],#Collection(Int64),,3529323161,2026-09-29T11:49:13Z,2026-09-29T11:49:13Z,"{""@odata.type"":""#Microsoft.Azure.Connectors.SharePoint.SPListExpandedUser"",""Claims"":""i:0#.f|membership|markg6@churchofjesuschrist.org"",""DisplayName"":""Mark Goodell"",""Email"":""MarkG6@churchofjesuschrist.org"",""Picture"":""https://churchofjesuschrist.sharepoint.com/sites/OrlandoEmploymentOffice/_layouts/15/UserPhoto.aspx?Size=L&AccountName=MarkG6@churchofjesuschrist.org"",""Department"":""WSR"",""JobTitle"":null}",i:0#.f|membership|markg6@churchofjesuschrist.org,"{""@odata.type"":""#Microsoft.Azure.Connectors.SharePoint.SPListExpandedUser"",""Claims"":""i:0#.f|membership|markg6@churchofjesuschrist.org"",""DisplayName"":""Mark Goodell"",""Email"":""MarkG6@churchofjesuschrist.org"",""Picture"":""https://churchofjesuschrist.sharepoint.com/sites/OrlandoEmploymentOffice/_layouts/15/UserPhoto.aspx?Size=L&AccountName=MarkG6@churchofjesuschrist.org"",""Department"":""WSR"",""JobTitle"":null}",i:0#.f|membership|markg6@churchofjesuschrist.org,Lists%252fJob%2bSeeker%2bList%252f211_.000,False,"{""Full"":null,""Large"":null,""Medium"":null,""Small"":null}",https://churchofjesuschrist.sharepoint.com/sites/OrlandoEmploymentOffice/_layouts/15/listform.aspx?PageType=4&ListId=b60c55b1%2D83af%2D4242%2D8ef5%2Dc3cc54179acb&ID=211&ContentTypeID=0x01000C5088034FCD804BA46BCF834F132CAB0069C2717AFC016B488C1978019BC744AA,,,Lists/Job Seeker List/,Lists/Job Seeker List/211_.000,"{""@odata.type"":""#Microsoft.Azure.Connectors.SharePoint.SPListExpandedContentType"",""Id"":""0x01000C5088034FCD804BA46BCF834F132CAB0069C2717AFC016B488C1978019BC744AA"",""Name"":""Item""}",0x01000C5088034FCD804BA46BCF834F132CAB0069C2717AFC016B488C1978019BC744AA,False,1.0,,,
"""1""",212,212,"Conte, Joel  ","Goodier, Kerry Mills",(618)  210-7236,,,[],#Collection(Microsoft.Azure.Connectors.SharePoint.SPListExpandedReference),[],#Collection(Int64),[],#Collection(Microsoft.Azure.Connectors.SharePoint.SPListExpandedReference),[],#Collection(Int64),,6182107236,2026-09-29T11:49:14Z,2026-09-29T11:49:14Z,"{""@odata.type"":""#Microsoft.Azure.Connectors.SharePoint.SPListExpandedUser"",""Claims"":""i:0#.f|membership|markg6@churchofjesuschrist.org"",""DisplayName"":""Mark Goodell"",""Email"":""MarkG6@churchofjesuschrist.org"",""Picture"":""https://churchofjesuschrist.sharepoint.com/sites/OrlandoEmploymentOffice/_layouts/15/UserPhoto.aspx?Size=L&AccountName=MarkG6@churchofjesuschrist.org"",""Department"":""WSR"",""JobTitle"":null}",i:0#.f|membership|markg6@churchofjesuschrist.org,"{""@odata.type"":""#Microsoft.Azure.Connectors.SharePoint.SPListExpandedUser"",""Claims"":""i:0#.f|membership|markg6@churchofjesuschrist.org"",""DisplayName"":""Mark Goodell"",""Email"":""MarkG6@churchofjesuschrist.org"",""Picture"":""https://churchofjesuschrist.sharepoint.com/sites/OrlandoEmploymentOffice/_layouts/15/UserPhoto.aspx?Size=L&AccountName=MarkG6@churchofjesuschrist.org"",""Department"":""WSR"",""JobTitle"":null}",i:0#.f|membership|markg6@churchofjesuschrist.org,Lists%252fJob%2bSeeker%2bList%252f212_.000,False,"{""Full"":null,""Large"":null,""Medium"":null,""Small"":null}",https://churchofjesuschrist.sharepoint.com/sites/OrlandoEmploymentOffice/_layouts/15/listform.aspx?PageType=4&ListId=b60c55b1%2D83af%2D4242%2D8ef5%2Dc3cc54179acb&ID=212&ContentTypeID=0x01000C5088034FCD804BA46BCF834F132CAB0069C2717AFC016B488C1978019BC744AA,,,Lists/Job Seeker List/,Lists/Job Seeker List/212_.000,"{""@odata.type"":""#Microsoft.Azure.Connectors.SharePoint.SPListExpandedContentType"",""Id"":""0x01000C5088034FCD804BA46BCF834F132CAB0069C2717AFC016B488C1978019BC744AA"",""Name"":""Item""}",0x01000C5088034FCD804BA46BCF834F132CAB0069C2717AFC016B488C1978019BC744AA,False,1.0,,,
"""1""",213,213,"Cuenca , Aileen   ","McGuire, Sandy",3213754906,,,[],#Collection(Microsoft.Azure.Connectors.SharePoint.SPListExpandedReference),[],#Collection(Int64),[],#Collection(Microsoft.Azure.Connectors.SharePoint.SPListExpandedReference),[],#Collection(Int64),,3213754906,2026-09-29T11:49:16Z,2026-09-29T11:49:16Z,"{""@odata.type"":""#Microsoft.Azure.Connectors.SharePoint.SPListExpandedUser"",""Claims"":""i:0#.f|membership|markg6@churchofjesuschrist.org"",""DisplayName"":""Mark Goodell"",""Email"":""MarkG6@churchofjesuschrist.org"",""Picture"":""https://churchofjesuschrist.sharepoint.com/sites/OrlandoEmploymentOffice/_layouts/15/UserPhoto.aspx?Size=L&AccountName=MarkG6@churchofjesuschrist.org"",""Department"":""WSR"",""JobTitle"":null}",i:0#.f|membership|markg6@churchofjesuschrist.org,"{""@odata.type"":""#Microsoft.Azure.Connectors.SharePoint.SPListExpandedUser"",""Claims"":""i:0#.f|membership|markg6@churchofjesuschrist.org"",""DisplayName"":""Mark Goodell"",""Email"":""MarkG6@churchofjesuschrist.org"",""Picture"":""https://churchofjesuschrist.sharepoint.com/sites/OrlandoEmploymentOffice/_layouts/15/UserPhoto.aspx?Size=L&AccountName=MarkG6@churchofjesuschrist.org"",""Department"":""WSR"",""JobTitle"":null}",i:0#.f|membership|markg6@churchofjesuschrist.org,Lists%252fJob%2bSeeker%2bList%252f213_.000,False,"{""Full"":null,""Large"":null,""Medium"":null,""Small"":null}",https://churchofjesuschrist.sharepoint.com/sites/OrlandoEmploymentOffice/_layouts/15/listform.aspx?PageType=4&ListId=b60c55b1%2D83af%2D4242%2D8ef5%2Dc3cc54179acb&ID=213&ContentTypeID=0x01000C5088034FCD804BA46BCF834F132CAB0069C2717AFC016B488C1978019BC744AA,,,Lists/Job Seeker List/,Lists/Job Seeker List/213_.000,"{""@odata.type"":""#Microsoft.Azure.Connectors.SharePoint.SPListExpandedContentType"",""Id"":""0x01000C5088034FCD804BA46BCF834F132CAB0069C2717AFC016B488C1978019BC744AA"",""Name"":""Item""}",0x01000C5088034FCD804BA46BCF834F132CAB0069C2717AFC016B488C1978019BC744AA,False,1.0,,,
"""1""",214,214,"D’Agostino, Jennifer  ","Goodier, Kerry Mills",321-693-8886,,,[],#Collection(Microsoft.Azure.Connectors.SharePoint.SPListExpandedReference),[],#Collection(Int64),[],#Collection(Microsoft.Azure.Connectors.SharePoint.SPListExpandedReference),[],#Collection(Int64),,3216938886,2026-09-29T11:49:15Z,2026-09-29T11:49:15Z,"{""@odata.type"":""#Microsoft.Azure.Connectors.SharePoint.SPListExpandedUser"",""Claims"":""i:0#.f|membership|markg6@churchofjesuschrist.org"",""DisplayName"":""Mark Goodell"",""Email"":""MarkG6@churchofjesuschrist.org"",""Picture"":""https://churchofjesuschrist.sharepoint.com/sites/OrlandoEmploymentOffice/_layouts/15/UserPhoto.aspx?Size=L&AccountName=MarkG6@churchofjesuschrist.org"",""Department"":""WSR"",""JobTitle"":null}",i:0#.f|membership|markg6@churchofjesuschrist.org,"{""@odata.type"":""#Microsoft.Azure.Connectors.SharePoint.SPListExpandedUser"",""Claims"":""i:0#.f|membership|markg6@churchofjesuschrist.org"",""DisplayName"":""Mark Goodell"",""Email"":""MarkG6@churchofjesuschrist.org"",""Picture"":""https://churchofjesuschrist.sharepoint.com/sites/OrlandoEmploymentOffice/_layouts/15/UserPhoto.aspx?Size=L&AccountName=MarkG6@churchofjesuschrist.org"",""Department"":""WSR"",""JobTitle"":null}",i:0#.f|membership|markg6@churchofjesuschrist.org,Lists%252fJob%2bSeeker%2bList%252f214_.000,False,"{""Full"":null,""Large"":null,""Medium"":null,""Small"":null}",https://churchofjesuschrist.sharepoint.com/sites/OrlandoEmploymentOffice/_layouts/15/listform.aspx?PageType=4&ListId=b60c55b1%2D83af%2D4242%2D8ef5%2Dc3cc54179acb&ID=214&ContentTypeID=0x01000C5088034FCD804BA46BCF834F132CAB0069C2717AFC016B488C1978019BC744AA,,,Lists/Job Seeker List/,Lists/Job Seeker List/214_.000,"{""@odata.type"":""#Microsoft.Azure.Connectors.SharePoint.SPListExpandedContentType"",""Id"":""0x01000C5088034FCD804BA46BCF834F132CAB0069C2717AFC016B488C1978019BC744AA"",""Name"":""Item""}",0x01000C5088034FCD804BA46BCF834F132CAB0069C2717AFC016B488C1978019BC744AA,False,1.0,,,
"""1""",215,215,"Darnell, David  ","Goodier, Kerry Mills",5612604364,,,[],#Collection(Microsoft.Azure.Connectors.SharePoint.SPListExpandedReference),[],#Collection(Int64),[],#Collection(Microsoft.Azure.Connectors.SharePoint.SPListExpandedReference),[],#Collection(Int64),,5612604364,2026-09-29T11:49:16Z,2026-09-29T11:49:16Z,"{""@odata.type"":""#Microsoft.Azure.Connectors.SharePoint.SPListExpandedUser"",""Claims"":""i:0#.f|membership|markg6@churchofjesuschrist.org"",""DisplayName"":""Mark Goodell"",""Email"":""MarkG6@churchofjesuschrist.org"",""Picture"":""https://churchofjesuschrist.sharepoint.com/sites/OrlandoEmploymentOffice/_layouts/15/UserPhoto.aspx?Size=L&AccountName=MarkG6@churchofjesuschrist.org"",""Department"":""WSR"",""JobTitle"":null}",i:0#.f|membership|markg6@churchofjesuschrist.org,"{""@odata.type"":""#Microsoft.Azure.Connectors.SharePoint.SPListExpandedUser"",""Claims"":""i:0#.f|membership|markg6@churchofjesuschrist.org"",""DisplayName"":""Mark Goodell"",""Email"":""MarkG6@churchofjesuschrist.org"",""Picture"":""https://churchofjesuschrist.sharepoint.com/sites/OrlandoEmploymentOffice/_layouts/15/UserPhoto.aspx?Size=L&AccountName=MarkG6@churchofjesuschrist.org"",""Department"":""WSR"",""JobTitle"":null}",i:0#.f|membership|markg6@churchofjesuschrist.org,Lists%252fJob%2bSeeker%2bList%252f215_.000,False,"{""Full"":null,""Large"":null,""Medium"":null,""Small"":null}",https://churchofjesuschrist.sharepoint.com/sites/OrlandoEmploymentOffice/_layouts/15/listform.aspx?PageType=4&ListId=b60c55b1%2D83af%2D4242%2D8ef5%2Dc3cc54179acb&ID=215&ContentTypeID=0x01000C5088034FCD804BA46BCF834F132CAB0069C2717AFC016B488C1978019BC744AA,,,Lists/Job Seeker List/,Lists/Job Seeker List/215_.000,"{""@odata.type"":""#Microsoft.Azure.Connectors.SharePoint.SPListExpandedContentType"",""Id"":""0x01000C5088034FCD804BA46BCF834F132CAB0069C2717AFC016B488C1978019BC744AA"",""Name"":""Item""}",0x01000C5088034FCD804BA46BCF834F132CAB0069C2717AFC016B488C1978019BC744AA,False,1.0,,,
"""3""",216,216,"Davis, Daniel C.  ","Moch, Peggy",(386) 983-8051,Longwood,,"[{""@odata.type"":""#Microsoft.Azure.Connectors.SharePoint.SPListExpandedReference"",""Id"":-1,""Value"":""Analyst""},{""@odata.type"":""#Microsoft.Azure.Connectors.SharePoint.SPListExpandedReference"",""Id"":-1,""Value"":""Technical Analyst""},{""@odata.type"":""#Microsoft.Azure.Connectors.SharePoint.SPListExpandedReference"",""Id"":-1,""Value"":""Quality Control Specialist""},{""@odata.type"":""#Microsoft.Azure.Connectors.SharePoint.SPListExpandedReference"",""Id"":-1,""Value"":""Computer System Trouble Shooter""},{""@odata.type"":""#Microsoft.Azure.Connectors.SharePoint.SPListExpandedReference"",""Id"":-1,""Value"":""Systems Analyst""},{""@odata.type"":""#Microsoft.Azure.Connectors.SharePoint.SPListExpandedReference"",""Id"":-1,""Value"":""Information Analyst""},{""@odata.type"":""#Microsoft.Azure.Connectors.SharePoint.SPListExpandedReference"",""Id"":-1,""Value"":""Threat Intelligence Analyst""}]",#Collection(Microsoft.Azure.Connectors.SharePoint.SPListExpandedReference),"[-1,-1,-1,-1,-1,-1,-1]",#Collection(Int64),[],#Collection(Microsoft.Azure.Connectors.SharePoint.SPListExpandedReference),[],#Collection(Int64),,3869838051,2026-09-29T19:32:37Z,2026-09-29T11:49:17Z,"{""@odata.type"":""#Microsoft.Azure.Connectors.SharePoint.SPListExpandedUser"",""Claims"":""i:0#.f|membership|markg6@churchofjesuschrist.org"",""DisplayName"":""Mark Goodell"",""Email"":""MarkG6@churchofjesuschrist.org"",""Picture"":""https://churchofjesuschrist.sharepoint.com/sites/OrlandoEmploymentOffice/_layouts/15/UserPhoto.aspx?Size=L&AccountName=MarkG6@churchofjesuschrist.org"",""Department"":""WSR"",""JobTitle"":null}",i:0#.f|membership|markg6@churchofjesuschrist.org,"{""@odata.type"":""#Microsoft.Azure.Connectors.SharePoint.SPListExpandedUser"",""Claims"":""i:0#.f|membership|plmoch@churchofjesuschrist.org"",""DisplayName"":""Peggy Lee Moch"",""Email"":""plmoch@churchofjesuschrist.org"",""Picture"":""https://churchofjesuschrist.sharepoint.com/sites/OrlandoEmploymentOffice/_layouts/15/UserPhoto.aspx?Size=L&AccountName=plmoch@churchofjesuschrist.org"",""Department"":""WSR"",""JobTitle"":""Employment Services Support""}",i:0#.f|membership|plmoch@churchofjesuschrist.org,Lists%252fJob%2bSeeker%2bList%252f216_.000,False,"{""Full"":null,""Large"":null,""Medium"":null,""Small"":null}",https://churchofjesuschrist.sharepoint.com/sites/OrlandoEmploymentOffice/_layouts/15/listform.aspx?PageType=4&ListId=b60c55b1%2D83af%2D4242%2D8ef5%2Dc3cc54179acb&ID=216&ContentTypeID=0x01000C5088034FCD804BA46BCF834F132CAB0069C2717AFC016B488C1978019BC744AA,,,Lists/Job Seeker List/,Lists/Job Seeker List/216_.000,"{""@odata.type"":""#Microsoft.Azure.Connectors.SharePoint.SPListExpandedContentType"",""Id"":""0x01000C5088034FCD804BA46BCF834F132CAB0069C2717AFC016B488C1978019BC744AA"",""Name"":""Item""}",0x01000C5088034FCD804BA46BCF834F132CAB0069C2717AFC016B488C1978019BC744AA,False,3.0,32750,"{""@odata.type"":""#Microsoft.Azure.Connectors.SharePoint.SPListExpandedReference"",""Id"":0,""Value"":""Actively seeking employment""}",0
"""1""",217,217,"Davis, Jonathan  ","Goodier, Kerry Mills",(321) 4515478,,,[],#Collection(Microsoft.Azure.Connectors.SharePoint.SPListExpandedReference),[],#Collection(Int64),[],#Collection(Microsoft.Azure.Connectors.SharePoint.SPListExpandedReference),[],#Collection(Int64),,3214515478,2026-09-29T11:49:17Z,2026-09-29T11:49:17Z,"{""@odata.type"":""#Microsoft.Azure.Connectors.SharePoint.SPListExpandedUser"",""Claims"":""i:0#.f|membership|markg6@churchofjesuschrist.org"",""DisplayName"":""Mark Goodell"",""Email"":""MarkG6@churchofjesuschrist.org"",""Picture"":""https://churchofjesuschrist.sharepoint.com/sites/OrlandoEmploymentOffice/_layouts/15/UserPhoto.aspx?Size=L&AccountName=MarkG6@churchofjesuschrist.org"",""Department"":""WSR"",""JobTitle"":null}",i:0#.f|membership|markg6@churchofjesuschrist.org,"{""@odata.type"":""#Microsoft.Azure.Connectors.SharePoint.SPListExpandedUser"",""Claims"":""i:0#.f|membership|markg6@churchofjesuschrist.org"",""DisplayName"":""Mark Goodell"",""Email"":""MarkG6@churchofjesuschrist.org"",""Picture"":""https://churchofjesuschrist.sharepoint.com/sites/OrlandoEmploymentOffice/_layouts/15/UserPhoto.aspx?Size=L&AccountName=MarkG6@churchofjesuschrist.org"",""Department"":""WSR"",""JobTitle"":null}",i:0#.f|membership|markg6@churchofjesuschrist.org,Lists%252fJob%2bSeeker%2bList%252f217_.000,False,"{""Full"":null,""Large"":null,""Medium"":null,""Small"":null}",https://churchofjesuschrist.sharepoint.com/sites/OrlandoEmploymentOffice/_layouts/15/listform.aspx?PageType=4&ListId=b60c55b1%2D83af%2D4242%2D8ef5%2Dc3cc54179acb&ID=217&ContentTypeID=0x01000C5088034FCD804BA46BCF834F132CAB0069C2717AFC016B488C1978019BC744AA,,,Lists/Job Seeker List/,Lists/Job Seeker List/217_.000,"{""@odata.type"":""#Microsoft.Azure.Connectors.SharePoint.SPListExpandedContentType"",""Id"":""0x01000C5088034FCD804BA46BCF834F132CAB0069C2717AFC016B488C1978019BC744AA"",""Name"":""Item""}",0x01000C5088034FCD804BA46BCF834F132CAB0069C2717AFC016B488C1978019BC744AA,False,1.0,,,
"""3""",218,218,"Dayley, Aedan  ","Moch, Peggy",3854486030,Davenport,,"[{""@odata.type"":""#Microsoft.Azure.Connectors.SharePoint.SPListExpandedReference"",""Id"":-1,""Value"":""Operations Crew Member""},{""@odata.type"":""#Microsoft.Azure.Connectors.SharePoint.SPListExpandedReference"",""Id"":-1,""Value"":""Exhibit Support Specialist""}]",#Collection(Microsoft.Azure.Connectors.SharePoint.SPListExpandedReference),"[-1,-1]",#Collection(Int64),[],#Collection(Microsoft.Azure.Connectors.SharePoint.SPListExpandedReference),[],#Collection(Int64),,3854486030,2026-09-29T21:52:34Z,2026-09-29T11:49:18Z,"{""@odata.type"":""#Microsoft.Azure.Connectors.SharePoint.SPListExpandedUser"",""Claims"":""i:0#.f|membership|markg6@churchofjesuschrist.org"",""DisplayName"":""Mark Goodell"",""Email"":""MarkG6@churchofjesuschrist.org"",""Picture"":""https://churchofjesuschrist.sharepoint.com/sites/OrlandoEmploymentOffice/_layouts/15/UserPhoto.aspx?Size=L&AccountName=MarkG6@churchofjesuschrist.org"",""Department"":""WSR"",""JobTitle"":null}",i:0#.f|membership|markg6@churchofjesuschrist.org,"{""@odata.type"":""#Microsoft.Azure.Connectors.SharePoint.SPListExpandedUser"",""Claims"":""i:0#.f|membership|plmoch@churchofjesuschrist.org"",""DisplayName"":""Peggy Lee Moch"",""Email"":""plmoch@churchofjesuschrist.org"",""Picture"":""https://churchofjesuschrist.sharepoint.com/sites/OrlandoEmploymentOffice/_layouts/15/UserPhoto.aspx?Size=L&AccountName=plmoch@churchofjesuschrist.org"",""Department"":""WSR"",""JobTitle"":""Employment Services Support""}",i:0#.f|membership|plmoch@churchofjesuschrist.org,Lists%252fJob%2bSeeker%2bList%252f218_.000,False,"{""Full"":null,""Large"":null,""Medium"":null,""Small"":null}",https://churchofjesuschrist.sharepoint.com/sites/OrlandoEmploymentOffice/_layouts/15/listform.aspx?PageType=4&ListId=b60c55b1%2D83af%2D4242%2D8ef5%2Dc3cc54179acb&ID=218&ContentTypeID=0x01000C5088034FCD804BA46BCF834F132CAB0069C2717AFC016B488C1978019BC744AA,,,Lists/Job Seeker List/,Lists/Job Seeker List/218_.000,"{""@odata.type"":""#Microsoft.Azure.Connectors.SharePoint.SPListExpandedContentType"",""Id"":""0x01000C5088034FCD804BA46BCF834F132CAB0069C2717AFC016B488C1978019BC744AA"",""Name"":""Item""}",0x01000C5088034FCD804BA46BCF834F132CAB0069C2717AFC016B488C1978019BC744AA,False,3.0,33837,"{""@odata.type"":""#Microsoft.Azure.Connectors.SharePoint.SPListExpandedReference"",""Id"":2,""Value"":""Not Active Now - but will be""}",2
"""1""",219,219,"Dayley, Taeg  ","Ternovoi, Artem",3852544327,,,[],#Collection(Microsoft.Azure.Connectors.SharePoint.SPListExpandedReference),[],#Collection(Int64),[],#Collection(Microsoft.Azure.Connectors.SharePoint.SPListExpandedReference),[],#Collection(Int64),,3852544327,2026-09-29T11:49:19Z,2026-09-29T11:49:19Z,"{""@odata.type"":""#Microsoft.Azure.Connectors.SharePoint.SPListExpandedUser"",""Claims"":""i:0#.f|membership|markg6@churchofjesuschrist.org"",""DisplayName"":""Mark Goodell"",""Email"":""MarkG6@churchofjesuschrist.org"",""Picture"":""https://churchofjesuschrist.sharepoint.com/sites/OrlandoEmploymentOffice/_layouts/15/UserPhoto.aspx?Size=L&AccountName=MarkG6@churchofjesuschrist.org"",""Department"":""WSR"",""JobTitle"":null}",i:0#.f|membership|markg6@churchofjesuschrist.org,"{""@odata.type"":""#Microsoft.Azure.Connectors.SharePoint.SPListExpandedUser"",""Claims"":""i:0#.f|membership|markg6@churchofjesuschrist.org"",""DisplayName"":""Mark Goodell"",""Email"":""MarkG6@churchofjesuschrist.org"",""Picture"":""https://churchofjesuschrist.sharepoint.com/sites/OrlandoEmploymentOffice/_layouts/15/UserPhoto.aspx?Size=L&AccountName=MarkG6@churchofjesuschrist.org"",""Department"":""WSR"",""JobTitle"":null}",i:0#.f|membership|markg6@churchofjesuschrist.org,Lists%252fJob%2bSeeker%2bList%252f219_.000,False,"{""Full"":null,""Large"":null,""Medium"":null,""Small"":null}",https://churchofjesuschrist.sharepoint.com/sites/OrlandoEmploymentOffice/_layouts/15/listform.aspx?PageType=4&ListId=b60c55b1%2D83af%2D4242%2D8ef5%2Dc3cc54179acb&ID=219&ContentTypeID=0x01000C5088034FCD804BA46BCF834F132CAB0069C2717AFC016B488C1978019BC744AA,,,Lists/Job Seeker List/,Lists/Job Seeker List/219_.000,"{""@odata.type"":""#Microsoft.Azure.Connectors.SharePoint.SPListExpandedContentType"",""Id"":""0x01000C5088034FCD804BA46BCF834F132CAB0069C2717AFC016B488C1978019BC744AA"",""Name"":""Item""}",0x01000C5088034FCD804BA46BCF834F132CAB0069C2717AFC016B488C1978019BC744AA,False,1.0,,,
"""1""",220,220,"Deluscar, Ketsia  ","Bernard, Linon",4076490862,,,[],#Collection(Microsoft.Azure.Connectors.SharePoint.SPListExpandedReference),[],#Collection(Int64),[],#Collection(Microsoft.Azure.Connectors.SharePoint.SPListExpandedReference),[],#Collection(Int64),,4076490862,2026-09-29T11:49:19Z,2026-09-29T11:49:19Z,"{""@odata.type"":""#Microsoft.Azure.Connectors.SharePoint.SPListExpandedUser"",""Claims"":""i:0#.f|membership|markg6@churchofjesuschrist.org"",""DisplayName"":""Mark Goodell"",""Email"":""MarkG6@churchofjesuschrist.org"",""Picture"":""https://churchofjesuschrist.sharepoint.com/sites/OrlandoEmploymentOffice/_layouts/15/UserPhoto.aspx?Size=L&AccountName=MarkG6@churchofjesuschrist.org"",""Department"":""WSR"",""JobTitle"":null}",i:0#.f|membership|markg6@churchofjesuschrist.org,"{""@odata.type"":""#Microsoft.Azure.Connectors.SharePoint.SPListExpandedUser"",""Claims"":""i:0#.f|membership|markg6@churchofjesuschrist.org"",""DisplayName"":""Mark Goodell"",""Email"":""MarkG6@churchofjesuschrist.org"",""Picture"":""https://churchofjesuschrist.sharepoint.com/sites/OrlandoEmploymentOffice/_layouts/15/UserPhoto.aspx?Size=L&AccountName=MarkG6@churchofjesuschrist.org"",""Department"":""WSR"",""JobTitle"":null}",i:0#.f|membership|markg6@churchofjesuschrist.org,Lists%252fJob%2bSeeker%2bList%252f220_.000,False,"{""Full"":null,""Large"":null,""Medium"":null,""Small"":null}",https://churchofjesuschrist.sharepoint.com/sites/OrlandoEmploymentOffice/_layouts/15/listform.aspx?PageType=4&ListId=b60c55b1%2D83af%2D4242%2D8ef5%2Dc3cc54179acb&ID=220&ContentTypeID=0x01000C5088034FCD804BA46BCF834F132CAB0069C2717AFC016B488C1978019BC744AA,,,Lists/Job Seeker List/,Lists/Job Seeker List/220_.000,"{""@odata.type"":""#Microsoft.Azure.Connectors.SharePoint.SPListExpandedContentType"",""Id"":""0x01000C5088034FCD804BA46BCF834F132CAB0069C2717AFC016B488C1978019BC744AA"",""Name"":""Item""}",0x01000C5088034FCD804BA46BCF834F132CAB0069C2717AFC016B488C1978019BC744AA,False,1.0,,,
"""2""",221,221,"Dol, Josue  ","Russell, Phillip",407 221-0508,Orlando,7457 penrill ct.,[],#Collection(Microsoft.Azure.Connectors.SharePoint.SPListExpandedReference),[],#Collection(Int64),[],#Collection(Microsoft.Azure.Connectors.SharePoint.SPListExpandedReference),[],#Collection(Int64),,4072210508,2026-09-29T12:21:05Z,2026-09-29T11:49:20Z,"{""@odata.type"":""#Microsoft.Azure.Connectors.SharePoint.SPListExpandedUser"",""Claims"":""i:0#.f|membership|markg6@churchofjesuschrist.org"",""DisplayName"":""Mark Goodell"",""Email"":""MarkG6@churchofjesuschrist.org"",""Picture"":""https://churchofjesuschrist.sharepoint.com/sites/OrlandoEmploymentOffice/_layouts/15/UserPhoto.aspx?Size=L&AccountName=MarkG6@churchofjesuschrist.org"",""Department"":""WSR"",""JobTitle"":null}",i:0#.f|membership|markg6@churchofjesuschrist.org,"{""@odata.type"":""#Microsoft.Azure.Connectors.SharePoint.SPListExpandedUser"",""Claims"":""i:0#.f|membership|markg6@churchofjesuschrist.org"",""DisplayName"":""Mark Goodell"",""Email"":""MarkG6@churchofjesuschrist.org"",""Picture"":""https://churchofjesuschrist.sharepoint.com/sites/OrlandoEmploymentOffice/_layouts/15/UserPhoto.aspx?Size=L&AccountName=MarkG6@churchofjesuschrist.org"",""Department"":""WSR"",""JobTitle"":null}",i:0#.f|membership|markg6@churchofjesuschrist.org,Lists%252fJob%2bSeeker%2bList%252f221_.000,False,"{""Full"":null,""Large"":null,""Medium"":null,""Small"":null}",https://churchofjesuschrist.sharepoint.com/sites/OrlandoEmploymentOffice/_layouts/15/listform.aspx?PageType=4&ListId=b60c55b1%2D83af%2D4242%2D8ef5%2Dc3cc54179acb&ID=221&ContentTypeID=0x01000C5088034FCD804BA46BCF834F132CAB0069C2717AFC016B488C1978019BC744AA,,,Lists/Job Seeker List/,Lists/Job Seeker List/221_.000,"{""@odata.type"":""#Microsoft.Azure.Connectors.SharePoint.SPListExpandedContentType"",""Id"":""0x01000C5088034FCD804BA46BCF834F132CAB0069C2717AFC016B488C1978019BC744AA"",""Name"":""Item""}",0x01000C5088034FCD804BA46BCF834F132CAB0069C2717AFC016B488C1978019BC744AA,False,2.0,32818,,
"""1""",222,222,"Dominguez, Erlenis  ","McGuire, Sandy",520-409-5773,,,[],#Collection(Microsoft.Azure.Connectors.SharePoint.SPListExpandedReference),[],#Collection(Int64),[],#Collection(Microsoft.Azure.Connectors.SharePoint.SPListExpandedReference),[],#Collection(Int64),,5204095773,2026-09-29T11:49:20Z,2026-09-29T11:49:20Z,"{""@odata.type"":""#Microsoft.Azure.Connectors.SharePoint.SPListExpandedUser"",""Claims"":""i:0#.f|membership|markg6@churchofjesuschrist.org"",""DisplayName"":""Mark Goodell"",""Email"":""MarkG6@churchofjesuschrist.org"",""Picture"":""https://churchofjesuschrist.sharepoint.com/sites/OrlandoEmploymentOffice/_layouts/15/UserPhoto.aspx?Size=L&AccountName=MarkG6@churchofjesuschrist.org"",""Department"":""WSR"",""JobTitle"":null}",i:0#.f|membership|markg6@churchofjesuschrist.org,"{""@odata.type"":""#Microsoft.Azure.Connectors.SharePoint.SPListExpandedUser"",""Claims"":""i:0#.f|membership|markg6@churchofjesuschrist.org"",""DisplayName"":""Mark Goodell"",""Email"":""MarkG6@churchofjesuschrist.org"",""Picture"":""https://churchofjesuschrist.sharepoint.com/sites/OrlandoEmploymentOffice/_layouts/15/UserPhoto.aspx?Size=L&AccountName=MarkG6@churchofjesuschrist.org"",""Department"":""WSR"",""JobTitle"":null}",i:0#.f|membership|markg6@churchofjesuschrist.org,Lists%252fJob%2bSeeker%2bList%252f222_.000,False,"{""Full"":null,""Large"":null,""Medium"":null,""Small"":null}",https://churchofjesuschrist.sharepoint.com/sites/OrlandoEmploymentOffice/_layouts/15/listform.aspx?PageType=4&ListId=b60c55b1%2D83af%2D4242%2D8ef5%2Dc3cc54179acb&ID=222&ContentTypeID=0x01000C5088034FCD804BA46BCF834F132CAB0069C2717AFC016B488C1978019BC744AA,,,Lists/Job Seeker List/,Lists/Job Seeker List/222_.000,"{""@odata.type"":""#Microsoft.Azure.Connectors.SharePoint.SPListExpandedContentType"",""Id"":""0x01000C5088034FCD804BA46BCF834F132CAB0069C2717AFC016B488C1978019BC744AA"",""Name"":""Item""}",0x01000C5088034FCD804BA46BCF834F132CAB0069C2717AFC016B488C1978019BC744AA,False,1.0,,,
"""4""",224,224,"Evans, Marvin  ","Stanley, Thomas",863-205-2014,alt spring,,"[{""@odata.type"":""#Microsoft.Azure.Connectors.SharePoint.SPListExpandedReference"",""Id"":-1,""Value"":""temp work ""}]",#Collection(Microsoft.Azure.Connectors.SharePoint.SPListExpandedReference),[-1],#Collection(Int64),[],#Collection(Microsoft.Azure.Connectors.SharePoint.SPListExpandedReference),[],#Collection(Int64),on ssi ,8632052014,2026-09-29T15:34:02Z,2026-09-29T11:49:22Z,"{""@odata.type"":""#Microsoft.Azure.Connectors.SharePoint.SPListExpandedUser"",""Claims"":""i:0#.f|membership|markg6@churchofjesuschrist.org"",""DisplayName"":""Mark Goodell"",""Email"":""MarkG6@churchofjesuschrist.org"",""Picture"":""https://churchofjesuschrist.sharepoint.com/sites/OrlandoEmploymentOffice/_layouts/15/UserPhoto.aspx?Size=L&AccountName=MarkG6@churchofjesuschrist.org"",""Department"":""WSR"",""JobTitle"":null}",i:0#.f|membership|markg6@churchofjesuschrist.org,"{""@odata.type"":""#Microsoft.Azure.Connectors.SharePoint.SPListExpandedUser"",""Claims"":""i:0#.f|membership|stanleyt@churchofjesuschrist.org"",""DisplayName"":""Rick Stanley"",""Email"":""Rick.Stanley@churchofjesuschrist.org"",""Picture"":""https://churchofjesuschrist.sharepoint.com/sites/OrlandoEmploymentOffice/_layouts/15/UserPhoto.aspx?Size=L&AccountName=Rick.Stanley@churchofjesuschrist.org"",""Department"":""WSR"",""JobTitle"":""Employment Services Missionary""}",i:0#.f|membership|stanleyt@churchofjesuschrist.org,Lists%252fJob%2bSeeker%2bList%252f224_.000,False,"{""Full"":null,""Large"":null,""Medium"":null,""Small"":null}",https://churchofjesuschrist.sharepoint.com/sites/OrlandoEmploymentOffice/_layouts/15/listform.aspx?PageType=4&ListId=b60c55b1%2D83af%2D4242%2D8ef5%2Dc3cc54179acb&ID=224&ContentTypeID=0x01000C5088034FCD804BA46BCF834F132CAB0069C2717AFC016B488C1978019BC744AA,,,Lists/Job Seeker List/,Lists/Job Seeker List/224_.000,"{""@odata.type"":""#Microsoft.Azure.Connectors.SharePoint.SPListExpandedContentType"",""Id"":""0x01000C5088034FCD804BA46BCF834F132CAB0069C2717AFC016B488C1978019BC744AA"",""Name"":""Item""}",0x01000C5088034FCD804BA46BCF834F132CAB0069C2717AFC016B488C1978019BC744AA,False,4.0,32811,"{""@odata.type"":""#Microsoft.Azure.Connectors.SharePoint.SPListExpandedReference"",""Id"":0,""Value"":""Actively seeking employment""}",0
"""5""",225,225,"Fails, April  ","Stanley, Thomas",330-785-6820,St Cloud,,[],#Collection(Microsoft.Azure.Connectors.SharePoint.SPListExpandedReference),[],#Collection(Int64),"[{""@odata.type"":""#Microsoft.Azure.Connectors.SharePoint.SPListExpandedReference"",""Id"":3,""Value"":""No Transportation""}]",#Collection(Microsoft.Azure.Connectors.SharePoint.SPListExpandedReference),[3],#Collection(Int64),needs any job for now,3307856820,2026-09-29T15:35:02Z,2026-09-29T11:49:22Z,"{""@odata.type"":""#Microsoft.Azure.Connectors.SharePoint.SPListExpandedUser"",""Claims"":""i:0#.f|membership|markg6@churchofjesuschrist.org"",""DisplayName"":""Mark Goodell"",""Email"":""MarkG6@churchofjesuschrist.org"",""Picture"":""https://churchofjesuschrist.sharepoint.com/sites/OrlandoEmploymentOffice/_layouts/15/UserPhoto.aspx?Size=L&AccountName=MarkG6@churchofjesuschrist.org"",""Department"":""WSR"",""JobTitle"":null}",i:0#.f|membership|markg6@churchofjesuschrist.org,"{""@odata.type"":""#Microsoft.Azure.Connectors.SharePoint.SPListExpandedUser"",""Claims"":""i:0#.f|membership|stanleyt@churchofjesuschrist.org"",""DisplayName"":""Rick Stanley"",""Email"":""Rick.Stanley@churchofjesuschrist.org"",""Picture"":""https://churchofjesuschrist.sharepoint.com/sites/OrlandoEmploymentOffice/_layouts/15/UserPhoto.aspx?Size=L&AccountName=Rick.Stanley@churchofjesuschrist.org"",""Department"":""WSR"",""JobTitle"":""Employment Services Missionary""}",i:0#.f|membership|stanleyt@churchofjesuschrist.org,Lists%252fJob%2bSeeker%2bList%252f225_.000,False,"{""Full"":null,""Large"":null,""Medium"":null,""Small"":null}",https://churchofjesuschrist.sharepoint.com/sites/OrlandoEmploymentOffice/_layouts/15/listform.aspx?PageType=4&ListId=b60c55b1%2D83af%2D4242%2D8ef5%2Dc3cc54179acb&ID=225&ContentTypeID=0x01000C5088034FCD804BA46BCF834F132CAB0069C2717AFC016B488C1978019BC744AA,,,Lists/Job Seeker List/,Lists/Job Seeker List/225_.000,"{""@odata.type"":""#Microsoft.Azure.Connectors.SharePoint.SPListExpandedContentType"",""Id"":""0x01000C5088034FCD804BA46BCF834F132CAB0069C2717AFC016B488C1978019BC744AA"",""Name"":""Item""}",0x01000C5088034FCD804BA46BCF834F132CAB0069C2717AFC016B488C1978019BC744AA,False,5.0,34769,"{""@odata.type"":""#Microsoft.Azure.Connectors.SharePoint.SPListExpandedReference"",""Id"":0,""Value"":""Actively seeking employment""}",0
"""1""",226,226,"Falcone, Kimberly  ","Goodier, Kerry Mills",(321) 526-8944,,,[],#Collection(Microsoft.Azure.Connectors.SharePoint.SPListExpandedReference),[],#Collection(Int64),[],#Collection(Microsoft.Azure.Connectors.SharePoint.SPListExpandedReference),[],#Collection(Int64),,3215268944,2026-09-29T11:49:23Z,2026-09-29T11:49:23Z,"{""@odata.type"":""#Microsoft.Azure.Connectors.SharePoint.SPListExpandedUser"",""Claims"":""i:0#.f|membership|markg6@churchofjesuschrist.org"",""DisplayName"":""Mark Goodell"",""Email"":""MarkG6@churchofjesuschrist.org"",""Picture"":""https://churchofjesuschrist.sharepoint.com/sites/OrlandoEmploymentOffice/_layouts/15/UserPhoto.aspx?Size=L&AccountName=MarkG6@churchofjesuschrist.org"",""Department"":""WSR"",""JobTitle"":null}",i:0#.f|membership|markg6@churchofjesuschrist.org,"{""@odata.type"":""#Microsoft.Azure.Connectors.SharePoint.SPListExpandedUser"",""Claims"":""i:0#.f|membership|markg6@churchofjesuschrist.org"",""DisplayName"":""Mark Goodell"",""Email"":""MarkG6@churchofjesuschrist.org"",""Picture"":""https://churchofjesuschrist.sharepoint.com/sites/OrlandoEmploymentOffice/_layouts/15/UserPhoto.aspx?Size=L&AccountName=MarkG6@churchofjesuschrist.org"",""Department"":""WSR"",""JobTitle"":null}",i:0#.f|membership|markg6@churchofjesuschrist.org,Lists%252fJob%2bSeeker%2bList%252f226_.000,False,"{""Full"":null,""Large"":null,""Medium"":null,""Small"":null}",https://churchofjesuschrist.sharepoint.com/sites/OrlandoEmploymentOffice/_layouts/15/listform.aspx?PageType=4&ListId=b60c55b1%2D83af%2D4242%2D8ef5%2Dc3cc54179acb&ID=226&ContentTypeID=0x01000C5088034FCD804BA46BCF834F132CAB0069C2717AFC016B488C1978019BC744AA,,,Lists/Job Seeker List/,Lists/Job Seeker List/226_.000,"{""@odata.type"":""#Microsoft.Azure.Connectors.SharePoint.SPListExpandedContentType"",""Id"":""0x01000C5088034FCD804BA46BCF834F132CAB0069C2717AFC016B488C1978019BC744AA"",""Name"":""Item""}",0x01000C5088034FCD804BA46BCF834F132CAB0069C2717AFC016B488C1978019BC744AA,False,1.0,,,
"""2""",227,227,"Ferdinand, Michael  ","Russell, Tamara",407-717-7028,Orlando,8580 Andover Bridge Court,[],#Collection(Microsoft.Azure.Connectors.SharePoint.SPListExpandedReference),[],#Collection(Int64),[],#Collection(Microsoft.Azure.Connectors.SharePoint.SPListExpandedReference),[],#Collection(Int64),,4077177028,2026-09-29T12:15:35Z,2026-09-29T11:49:24Z,"{""@odata.type"":""#Microsoft.Azure.Connectors.SharePoint.SPListExpandedUser"",""Claims"":""i:0#.f|membership|markg6@churchofjesuschrist.org"",""DisplayName"":""Mark Goodell"",""Email"":""MarkG6@churchofjesuschrist.org"",""Picture"":""https://churchofjesuschrist.sharepoint.com/sites/OrlandoEmploymentOffice/_layouts/15/UserPhoto.aspx?Size=L&AccountName=MarkG6@churchofjesuschrist.org"",""Department"":""WSR"",""JobTitle"":null}",i:0#.f|membership|markg6@churchofjesuschrist.org,"{""@odata.type"":""#Microsoft.Azure.Connectors.SharePoint.SPListExpandedUser"",""Claims"":""i:0#.f|membership|markg6@churchofjesuschrist.org"",""DisplayName"":""Mark Goodell"",""Email"":""MarkG6@churchofjesuschrist.org"",""Picture"":""https://churchofjesuschrist.sharepoint.com/sites/OrlandoEmploymentOffice/_layouts/15/UserPhoto.aspx?Size=L&AccountName=MarkG6@churchofjesuschrist.org"",""Department"":""WSR"",""JobTitle"":null}",i:0#.f|membership|markg6@churchofjesuschrist.org,Lists%252fJob%2bSeeker%2bList%252f227_.000,False,"{""Full"":null,""Large"":null,""Medium"":null,""Small"":null}",https://churchofjesuschrist.sharepoint.com/sites/OrlandoEmploymentOffice/_layouts/15/listform.aspx?PageType=4&ListId=b60c55b1%2D83af%2D4242%2D8ef5%2Dc3cc54179acb&ID=227&ContentTypeID=0x01000C5088034FCD804BA46BCF834F132CAB0069C2717AFC016B488C1978019BC744AA,,,Lists/Job Seeker List/,Lists/Job Seeker List/227_.000,"{""@odata.type"":""#Microsoft.Azure.Connectors.SharePoint.SPListExpandedContentType"",""Id"":""0x01000C5088034FCD804BA46BCF834F132CAB0069C2717AFC016B488C1978019BC744AA"",""Name"":""Item""}",0x01000C5088034FCD804BA46BCF834F132CAB0069C2717AFC016B488C1978019BC744AA,False,2.0,,,
"""1""",228,228,"Fernandez, Denia  ","McGuire, Sandy",407-369-8933,,,[],#Collection(Microsoft.Azure.Connectors.SharePoint.SPListExpandedReference),[],#Collection(Int64),[],#Collection(Microsoft.Azure.Connectors.SharePoint.SPListExpandedReference),[],#Collection(Int64),,4073698933,2026-09-29T11:49:24Z,2026-09-29T11:49:24Z,"{""@odata.type"":""#Microsoft.Azure.Connectors.SharePoint.SPListExpandedUser"",""Claims"":""i:0#.f|membership|markg6@churchofjesuschrist.org"",""DisplayName"":""Mark Goodell"",""Email"":""MarkG6@churchofjesuschrist.org"",""Picture"":""https://churchofjesuschrist.sharepoint.com/sites/OrlandoEmploymentOffice/_layouts/15/UserPhoto.aspx?Size=L&AccountName=MarkG6@churchofjesuschrist.org"",""Department"":""WSR"",""JobTitle"":null}",i:0#.f|membership|markg6@churchofjesuschrist.org,"{""@odata.type"":""#Microsoft.Azure.Connectors.SharePoint.SPListExpandedUser"",""Claims"":""i:0#.f|membership|markg6@churchofjesuschrist.org"",""DisplayName"":""Mark Goodell"",""Email"":""MarkG6@churchofjesuschrist.org"",""Picture"":""https://churchofjesuschrist.sharepoint.com/sites/OrlandoEmploymentOffice/_layouts/15/UserPhoto.aspx?Size=L&AccountName=MarkG6@churchofjesuschrist.org"",""Department"":""WSR"",""JobTitle"":null}",i:0#.f|membership|markg6@churchofjesuschrist.org,Lists%252fJob%2bSeeker%2bList%252f228_.000,False,"{""Full"":null,""Large"":null,""Medium"":null,""Small"":null}",https://churchofjesuschrist.sharepoint.com/sites/OrlandoEmploymentOffice/_layouts/15/listform.aspx?PageType=4&ListId=b60c55b1%2D83af%2D4242%2D8ef5%2Dc3cc54179acb&ID=228&ContentTypeID=0x01000C5088034FCD804BA46BCF834F132CAB0069C2717AFC016B488C1978019BC744AA,,,Lists/Job Seeker List/,Lists/Job Seeker List/228_.000,"{""@odata.type"":""#Microsoft.Azure.Connectors.SharePoint.SPListExpandedContentType"",""Id"":""0x01000C5088034FCD804BA46BCF834F132CAB0069C2717AFC016B488C1978019BC744AA"",""Name"":""Item""}",0x01000C5088034FCD804BA46BCF834F132CAB0069C2717AFC016B488C1978019BC744AA,False,1.0,,,
"""5""",229,229,"Fizpatrick, Lea  ","Stanley, Thomas",703 340 4728,kissmmee,,"[{""@odata.type"":""#Microsoft.Azure.Connectors.SharePoint.SPListExpandedReference"",""Id"":-1,""Value"":""CDL""}]",#Collection(Microsoft.Azure.Connectors.SharePoint.SPListExpandedReference),[-1],#Collection(Int64),[],#Collection(Microsoft.Azure.Connectors.SharePoint.SPListExpandedReference),[],#Collection(Int64),,7033404728,2026-09-29T15:54:17Z,2026-09-29T11:49:25Z,"{""@odata.type"":""#Microsoft.Azure.Connectors.SharePoint.SPListExpandedUser"",""Claims"":""i:0#.f|membership|markg6@churchofjesuschrist.org"",""DisplayName"":""Mark Goodell"",""Email"":""MarkG6@churchofjesuschrist.org"",""Picture"":""https://churchofjesuschrist.sharepoint.com/sites/OrlandoEmploymentOffice/_layouts/15/UserPhoto.aspx?Size=L&AccountName=MarkG6@churchofjesuschrist.org"",""Department"":""WSR"",""JobTitle"":null}",i:0#.f|membership|markg6@churchofjesuschrist.org,"{""@odata.type"":""#Microsoft.Azure.Connectors.SharePoint.SPListExpandedUser"",""Claims"":""i:0#.f|membership|stanleyt@churchofjesuschrist.org"",""DisplayName"":""Rick Stanley"",""Email"":""Rick.Stanley@churchofjesuschrist.org"",""Picture"":""https://churchofjesuschrist.sharepoint.com/sites/OrlandoEmploymentOffice/_layouts/15/UserPhoto.aspx?Size=L&AccountName=Rick.Stanley@churchofjesuschrist.org"",""Department"":""WSR"",""JobTitle"":""Employment Services Missionary""}",i:0#.f|membership|stanleyt@churchofjesuschrist.org,Lists%252fJob%2bSeeker%2bList%252f229_.000,False,"{""Full"":null,""Large"":null,""Medium"":null,""Small"":null}",https://churchofjesuschrist.sharepoint.com/sites/OrlandoEmploymentOffice/_layouts/15/listform.aspx?PageType=4&ListId=b60c55b1%2D83af%2D4242%2D8ef5%2Dc3cc54179acb&ID=229&ContentTypeID=0x01000C5088034FCD804BA46BCF834F132CAB0069C2717AFC016B488C1978019BC744AA,,,Lists/Job Seeker List/,Lists/Job Seeker List/229_.000,"{""@odata.type"":""#Microsoft.Azure.Connectors.SharePoint.SPListExpandedContentType"",""Id"":""0x01000C5088034FCD804BA46BCF834F132CAB0069C2717AFC016B488C1978019BC744AA"",""Name"":""Item""}",0x01000C5088034FCD804BA46BCF834F132CAB0069C2717AFC016B488C1978019BC744AA,False,5.0,34743,"{""@odata.type"":""#Microsoft.Azure.Connectors.SharePoint.SPListExpandedReference"",""Id"":0,""Value"":""Actively seeking employment""}",0
"""1""",230,230,"Fleuron, Alex  ","Bernard, Linon",4075521887,,,[],#Collection(Microsoft.Azure.Connectors.SharePoint.SPListExpandedReference),[],#Collection(Int64),[],#Collection(Microsoft.Azure.Connectors.SharePoint.SPListExpandedReference),[],#Collection(Int64),,4075521887,2026-09-29T11:49:25Z,2026-09-29T11:49:25Z,"{""@odata.type"":""#Microsoft.Azure.Connectors.SharePoint.SPListExpandedUser"",""Claims"":""i:0#.f|membership|markg6@churchofjesuschrist.org"",""DisplayName"":""Mark Goodell"",""Email"":""MarkG6@churchofjesuschrist.org"",""Picture"":""https://churchofjesuschrist.sharepoint.com/sites/OrlandoEmploymentOffice/_layouts/15/UserPhoto.aspx?Size=L&AccountName=MarkG6@churchofjesuschrist.org"",""Department"":""WSR"",""JobTitle"":null}",i:0#.f|membership|markg6@churchofjesuschrist.org,"{""@odata.type"":""#Microsoft.Azure.Connectors.SharePoint.SPListExpandedUser"",""Claims"":""i:0#.f|membership|markg6@churchofjesuschrist.org"",""DisplayName"":""Mark Goodell"",""Email"":""MarkG6@churchofjesuschrist.org"",""Picture"":""https://churchofjesuschrist.sharepoint.com/sites/OrlandoEmploymentOffice/_layouts/15/UserPhoto.aspx?Size=L&AccountName=MarkG6@churchofjesuschrist.org"",""Department"":""WSR"",""JobTitle"":null}",i:0#.f|membership|markg6@churchofjesuschrist.org,Lists%252fJob%2bSeeker%2bList%252f230_.000,False,"{""Full"":null,""Large"":null,""Medium"":null,""Small"":null}",https://churchofjesuschrist.sharepoint.com/sites/OrlandoEmploymentOffice/_layouts/15/listform.aspx?PageType=4&ListId=b60c55b1%2D83af%2D4242%2D8ef5%2Dc3cc54179acb&ID=230&ContentTypeID=0x01000C5088034FCD804BA46BCF834F132CAB0069C2717AFC016B488C1978019BC744AA,,,Lists/Job Seeker List/,Lists/Job Seeker List/230_.000,"{""@odata.type"":""#Microsoft.Azure.Connectors.SharePoint.SPListExpandedContentType"",""Id"":""0x01000C5088034FCD804BA46BCF834F132CAB0069C2717AFC016B488C1978019BC744AA"",""Name"":""Item""}",0x01000C5088034FCD804BA46BCF834F132CAB0069C2717AFC016B488C1978019BC744AA,False,1.0,,,
"""4""",231,231,"Gamble, Roddy  ","Stanley, Thomas",2535080367,Orlando,,"[{""@odata.type"":""#Microsoft.Azure.Connectors.SharePoint.SPListExpandedReference"",""Id"":-1,""Value"":""temp work ""}]",#Collection(Microsoft.Azure.Connectors.SharePoint.SPListExpandedReference),[-1],#Collection(Int64),"[{""@odata.type"":""#Microsoft.Azure.Connectors.SharePoint.SPListExpandedReference"",""Id"":3,""Value"":""No Transportation""}]",#Collection(Microsoft.Azure.Connectors.SharePoint.SPListExpandedReference),[3],#Collection(Int64),on probation ,2535080367,2026-09-29T17:37:02Z,2026-09-29T11:49:26Z,"{""@odata.type"":""#Microsoft.Azure.Connectors.SharePoint.SPListExpandedUser"",""Claims"":""i:0#.f|membership|markg6@churchofjesuschrist.org"",""DisplayName"":""Mark Goodell"",""Email"":""MarkG6@churchofjesuschrist.org"",""Picture"":""https://churchofjesuschrist.sharepoint.com/sites/OrlandoEmploymentOffice/_layouts/15/UserPhoto.aspx?Size=L&AccountName=MarkG6@churchofjesuschrist.org"",""Department"":""WSR"",""JobTitle"":null}",i:0#.f|membership|markg6@churchofjesuschrist.org,"{""@odata.type"":""#Microsoft.Azure.Connectors.SharePoint.SPListExpandedUser"",""Claims"":""i:0#.f|membership|stanleyt@churchofjesuschrist.org"",""DisplayName"":""Rick Stanley"",""Email"":""Rick.Stanley@churchofjesuschrist.org"",""Picture"":""https://churchofjesuschrist.sharepoint.com/sites/OrlandoEmploymentOffice/_layouts/15/UserPhoto.aspx?Size=L&AccountName=Rick.Stanley@churchofjesuschrist.org"",""Department"":""WSR"",""JobTitle"":""Employment Services Missionary""}",i:0#.f|membership|stanleyt@churchofjesuschrist.org,Lists%252fJob%2bSeeker%2bList%252f231_.000,False,"{""Full"":null,""Large"":null,""Medium"":null,""Small"":null}",https://churchofjesuschrist.sharepoint.com/sites/OrlandoEmploymentOffice/_layouts/15/listform.aspx?PageType=4&ListId=b60c55b1%2D83af%2D4242%2D8ef5%2Dc3cc54179acb&ID=231&ContentTypeID=0x01000C5088034FCD804BA46BCF834F132CAB0069C2717AFC016B488C1978019BC744AA,,,Lists/Job Seeker List/,Lists/Job Seeker List/231_.000,"{""@odata.type"":""#Microsoft.Azure.Connectors.SharePoint.SPListExpandedContentType"",""Id"":""0x01000C5088034FCD804BA46BCF834F132CAB0069C2717AFC016B488C1978019BC744AA"",""Name"":""Item""}",0x01000C5088034FCD804BA46BCF834F132CAB0069C2717AFC016B488C1978019BC744AA,False,4.0,32811,"{""@odata.type"":""#Microsoft.Azure.Connectors.SharePoint.SPListExpandedReference"",""Id"":0,""Value"":""Actively seeking employment""}",0
"""1""",232,232,"Garcia, Mauricio  ","Ballestero, Ana",407-466-4691,,,[],#Collection(Microsoft.Azure.Connectors.SharePoint.SPListExpandedReference),[],#Collection(Int64),[],#Collection(Microsoft.Azure.Connectors.SharePoint.SPListExpandedReference),[],#Collection(Int64),,4074664691,2026-09-29T11:49:27Z,2026-09-29T11:49:27Z,"{""@odata.type"":""#Microsoft.Azure.Connectors.SharePoint.SPListExpandedUser"",""Claims"":""i:0#.f|membership|markg6@churchofjesuschrist.org"",""DisplayName"":""Mark Goodell"",""Email"":""MarkG6@churchofjesuschrist.org"",""Picture"":""https://churchofjesuschrist.sharepoint.com/sites/OrlandoEmploymentOffice/_layouts/15/UserPhoto.aspx?Size=L&AccountName=MarkG6@churchofjesuschrist.org"",""Department"":""WSR"",""JobTitle"":null}",i:0#.f|membership|markg6@churchofjesuschrist.org,"{""@odata.type"":""#Microsoft.Azure.Connectors.SharePoint.SPListExpandedUser"",""Claims"":""i:0#.f|membership|markg6@churchofjesuschrist.org"",""DisplayName"":""Mark Goodell"",""Email"":""MarkG6@churchofjesuschrist.org"",""Picture"":""https://churchofjesuschrist.sharepoint.com/sites/OrlandoEmploymentOffice/_layouts/15/UserPhoto.aspx?Size=L&AccountName=MarkG6@churchofjesuschrist.org"",""Department"":""WSR"",""JobTitle"":null}",i:0#.f|membership|markg6@churchofjesuschrist.org,Lists%252fJob%2bSeeker%2bList%252f232_.000,False,"{""Full"":null,""Large"":null,""Medium"":null,""Small"":null}",https://churchofjesuschrist.sharepoint.com/sites/OrlandoEmploymentOffice/_layouts/15/listform.aspx?PageType=4&ListId=b60c55b1%2D83af%2D4242%2D8ef5%2Dc3cc54179acb&ID=232&ContentTypeID=0x01000C5088034FCD804BA46BCF834F132CAB0069C2717AFC016B488C1978019BC744AA,,,Lists/Job Seeker List/,Lists/Job Seeker List/232_.000,"{""@odata.type"":""#Microsoft.Azure.Connectors.SharePoint.SPListExpandedContentType"",""Id"":""0x01000C5088034FCD804BA46BCF834F132CAB0069C2717AFC016B488C1978019BC744AA"",""Name"":""Item""}",0x01000C5088034FCD804BA46BCF834F132CAB0069C2717AFC016B488C1978019BC744AA,False,1.0,,,
"""1""",233,233,"Geneste, Elva  ","Bernard, Linon",4074800813,,,[],#Collection(Microsoft.Azure.Connectors.SharePoint.SPListExpandedReference),[],#Collection(Int64),[],#Collection(Microsoft.Azure.Connectors.SharePoint.SPListExpandedReference),[],#Collection(Int64),,4074800813,2026-09-29T11:49:27Z,2026-09-29T11:49:27Z,"{""@odata.type"":""#Microsoft.Azure.Connectors.SharePoint.SPListExpandedUser"",""Claims"":""i:0#.f|membership|markg6@churchofjesuschrist.org"",""DisplayName"":""Mark Goodell"",""Email"":""MarkG6@churchofjesuschrist.org"",""Picture"":""https://churchofjesuschrist.sharepoint.com/sites/OrlandoEmploymentOffice/_layouts/15/UserPhoto.aspx?Size=L&AccountName=MarkG6@churchofjesuschrist.org"",""Department"":""WSR"",""JobTitle"":null}",i:0#.f|membership|markg6@churchofjesuschrist.org,"{""@odata.type"":""#Microsoft.Azure.Connectors.SharePoint.SPListExpandedUser"",""Claims"":""i:0#.f|membership|markg6@churchofjesuschrist.org"",""DisplayName"":""Mark Goodell"",""Email"":""MarkG6@churchofjesuschrist.org"",""Picture"":""https://churchofjesuschrist.sharepoint.com/sites/OrlandoEmploymentOffice/_layouts/15/UserPhoto.aspx?Size=L&AccountName=MarkG6@churchofjesuschrist.org"",""Department"":""WSR"",""JobTitle"":null}",i:0#.f|membership|markg6@churchofjesuschrist.org,Lists%252fJob%2bSeeker%2bList%252f233_.000,False,"{""Full"":null,""Large"":null,""Medium"":null,""Small"":null}",https://churchofjesuschrist.sharepoint.com/sites/OrlandoEmploymentOffice/_layouts/15/listform.aspx?PageType=4&ListId=b60c55b1%2D83af%2D4242%2D8ef5%2Dc3cc54179acb&ID=233&ContentTypeID=0x01000C5088034FCD804BA46BCF834F132CAB0069C2717AFC016B488C1978019BC744AA,,,Lists/Job Seeker List/,Lists/Job Seeker List/233_.000,"{""@odata.type"":""#Microsoft.Azure.Connectors.SharePoint.SPListExpandedContentType"",""Id"":""0x01000C5088034FCD804BA46BCF834F132CAB0069C2717AFC016B488C1978019BC744AA"",""Name"":""Item""}",0x01000C5088034FCD804BA46BCF834F132CAB0069C2717AFC016B488C1978019BC744AA,False,1.0,,,
"""1""",234,234,"Giacobbe, Corrine  ","Russell, Tamara",(352) 973-3171,,,[],#Collection(Microsoft.Azure.Connectors.SharePoint.SPListExpandedReference),[],#Collection(Int64),[],#Collection(Microsoft.Azure.Connectors.SharePoint.SPListExpandedReference),[],#Collection(Int64),,3529733171,2026-09-29T11:49:28Z,2026-09-29T11:49:28Z,"{""@odata.type"":""#Microsoft.Azure.Connectors.SharePoint.SPListExpandedUser"",""Claims"":""i:0#.f|membership|markg6@churchofjesuschrist.org"",""DisplayName"":""Mark Goodell"",""Email"":""MarkG6@churchofjesuschrist.org"",""Picture"":""https://churchofjesuschrist.sharepoint.com/sites/OrlandoEmploymentOffice/_layouts/15/UserPhoto.aspx?Size=L&AccountName=MarkG6@churchofjesuschrist.org"",""Department"":""WSR"",""JobTitle"":null}",i:0#.f|membership|markg6@churchofjesuschrist.org,"{""@odata.type"":""#Microsoft.Azure.Connectors.SharePoint.SPListExpandedUser"",""Claims"":""i:0#.f|membership|markg6@churchofjesuschrist.org"",""DisplayName"":""Mark Goodell"",""Email"":""MarkG6@churchofjesuschrist.org"",""Picture"":""https://churchofjesuschrist.sharepoint.com/sites/OrlandoEmploymentOffice/_layouts/15/UserPhoto.aspx?Size=L&AccountName=MarkG6@churchofjesuschrist.org"",""Department"":""WSR"",""JobTitle"":null}",i:0#.f|membership|markg6@churchofjesuschrist.org,Lists%252fJob%2bSeeker%2bList%252f234_.000,False,"{""Full"":null,""Large"":null,""Medium"":null,""Small"":null}",https://churchofjesuschrist.sharepoint.com/sites/OrlandoEmploymentOffice/_layouts/15/listform.aspx?PageType=4&ListId=b60c55b1%2D83af%2D4242%2D8ef5%2Dc3cc54179acb&ID=234&ContentTypeID=0x01000C5088034FCD804BA46BCF834F132CAB0069C2717AFC016B488C1978019BC744AA,,,Lists/Job Seeker List/,Lists/Job Seeker List/234_.000,"{""@odata.type"":""#Microsoft.Azure.Connectors.SharePoint.SPListExpandedContentType"",""Id"":""0x01000C5088034FCD804BA46BCF834F132CAB0069C2717AFC016B488C1978019BC744AA"",""Name"":""Item""}",0x01000C5088034FCD804BA46BCF834F132CAB0069C2717AFC016B488C1978019BC744AA,False,1.0,,,
"""2""",235,235,"Gonzalez, Israel  ","Russell, Phillip",3219784287,St Cloud,,"[{""@odata.type"":""#Microsoft.Azure.Connectors.SharePoint.SPListExpandedReference"",""Id"":-1,""Value"":""Food and beverage""}]",#Collection(Microsoft.Azure.Connectors.SharePoint.SPListExpandedReference),[-1],#Collection(Int64),[],#Collection(Microsoft.Azure.Connectors.SharePoint.SPListExpandedReference),[],#Collection(Int64),,3219784287,2026-09-29T12:23:52Z,2026-09-29T11:49:32Z,"{""@odata.type"":""#Microsoft.Azure.Connectors.SharePoint.SPListExpandedUser"",""Claims"":""i:0#.f|membership|markg6@churchofjesuschrist.org"",""DisplayName"":""Mark Goodell"",""Email"":""MarkG6@churchofjesuschrist.org"",""Picture"":""https://churchofjesuschrist.sharepoint.com/sites/OrlandoEmploymentOffice/_layouts/15/UserPhoto.aspx?Size=L&AccountName=MarkG6@churchofjesuschrist.org"",""Department"":""WSR"",""JobTitle"":null}",i:0#.f|membership|markg6@churchofjesuschrist.org,"{""@odata.type"":""#Microsoft.Azure.Connectors.SharePoint.SPListExpandedUser"",""Claims"":""i:0#.f|membership|markg6@churchofjesuschrist.org"",""DisplayName"":""Mark Goodell"",""Email"":""MarkG6@churchofjesuschrist.org"",""Picture"":""https://churchofjesuschrist.sharepoint.com/sites/OrlandoEmploymentOffice/_layouts/15/UserPhoto.aspx?Size=L&AccountName=MarkG6@churchofjesuschrist.org"",""Department"":""WSR"",""JobTitle"":null}",i:0#.f|membership|markg6@churchofjesuschrist.org,Lists%252fJob%2bSeeker%2bList%252f235_.000,False,"{""Full"":null,""Large"":null,""Medium"":null,""Small"":null}",https://churchofjesuschrist.sharepoint.com/sites/OrlandoEmploymentOffice/_layouts/15/listform.aspx?PageType=4&ListId=b60c55b1%2D83af%2D4242%2D8ef5%2Dc3cc54179acb&ID=235&ContentTypeID=0x01000C5088034FCD804BA46BCF834F132CAB0069C2717AFC016B488C1978019BC744AA,,,Lists/Job Seeker List/,Lists/Job Seeker List/235_.000,"{""@odata.type"":""#Microsoft.Azure.Connectors.SharePoint.SPListExpandedContentType"",""Id"":""0x01000C5088034FCD804BA46BCF834F132CAB0069C2717AFC016B488C1978019BC744AA"",""Name"":""Item""}",0x01000C5088034FCD804BA46BCF834F132CAB0069C2717AFC016B488C1978019BC744AA,False,2.0,34769,,
"""4""",236,236,"Gourd, Larissa  ","Moch, Peggy",386-688-4268,Live Oak,12398 138th Street,"[{""@odata.type"":""#Microsoft.Azure.Connectors.SharePoint.SPListExpandedReference"",""Id"":-1,""Value"":""Correctional Officer""},{""@odata.type"":""#Microsoft.Azure.Connectors.SharePoint.SPListExpandedReference"",""Id"":-1,""Value"":""Armed Security""},{""@odata.type"":""#Microsoft.Azure.Connectors.SharePoint.SPListExpandedReference"",""Id"":-1,""Value"":""Police Dispatcher""},{""@odata.type"":""#Microsoft.Azure.Connectors.SharePoint.SPListExpandedReference"",""Id"":-1,""Value"":""Fire Dispatcher""},{""@odata.type"":""#Microsoft.Azure.Connectors.SharePoint.SPListExpandedReference"",""Id"":-1,""Value"":""911 Dispatcher""},{""@odata.type"":""#Microsoft.Azure.Connectors.SharePoint.SPListExpandedReference"",""Id"":-1,""Value"":""Sheriff's Dispatcher""},{""@odata.type"":""#Microsoft.Azure.Connectors.SharePoint.SPListExpandedReference"",""Id"":-1,""Value"":""Highway Patrol Dispatcher""},{""@odata.type"":""#Microsoft.Azure.Connectors.SharePoint.SPListExpandedReference"",""Id"":-1,""Value"":""Truck Dispatcher""},{""@odata.type"":""#Microsoft.Azure.Connectors.SharePoint.SPListExpandedReference"",""Id"":-1,""Value"":""Tow Truck Dispatcher""}]",#Collection(Microsoft.Azure.Connectors.SharePoint.SPListExpandedReference),"[-1,-1,-1,-1,-1,-1,-1,-1,-1]",#Collection(Int64),[],#Collection(Microsoft.Azure.Connectors.SharePoint.SPListExpandedReference),[],#Collection(Int64),,3866884268,2026-09-29T20:48:51Z,2026-09-29T11:49:33Z,"{""@odata.type"":""#Microsoft.Azure.Connectors.SharePoint.SPListExpandedUser"",""Claims"":""i:0#.f|membership|markg6@churchofjesuschrist.org"",""DisplayName"":""Mark Goodell"",""Email"":""MarkG6@churchofjesuschrist.org"",""Picture"":""https://churchofjesuschrist.sharepoint.com/sites/OrlandoEmploymentOffice/_layouts/15/UserPhoto.aspx?Size=L&AccountName=MarkG6@churchofjesuschrist.org"",""Department"":""WSR"",""JobTitle"":null}",i:0#.f|membership|markg6@churchofjesuschrist.org,"{""@odata.type"":""#Microsoft.Azure.Connectors.SharePoint.SPListExpandedUser"",""Claims"":""i:0#.f|membership|plmoch@churchofjesuschrist.org"",""DisplayName"":""Peggy Lee Moch"",""Email"":""plmoch@churchofjesuschrist.org"",""Picture"":""https://churchofjesuschrist.sharepoint.com/sites/OrlandoEmploymentOffice/_layouts/15/UserPhoto.aspx?Size=L&AccountName=plmoch@churchofjesuschrist.org"",""Department"":""WSR"",""JobTitle"":""Employment Services Support""}",i:0#.f|membership|plmoch@churchofjesuschrist.org,Lists%252fJob%2bSeeker%2bList%252f236_.000,False,"{""Full"":null,""Large"":null,""Medium"":null,""Small"":null}",https://churchofjesuschrist.sharepoint.com/sites/OrlandoEmploymentOffice/_layouts/15/listform.aspx?PageType=4&ListId=b60c55b1%2D83af%2D4242%2D8ef5%2Dc3cc54179acb&ID=236&ContentTypeID=0x01000C5088034FCD804BA46BCF834F132CAB0069C2717AFC016B488C1978019BC744AA,,,Lists/Job Seeker List/,Lists/Job Seeker List/236_.000,"{""@odata.type"":""#Microsoft.Azure.Connectors.SharePoint.SPListExpandedContentType"",""Id"":""0x01000C5088034FCD804BA46BCF834F132CAB0069C2717AFC016B488C1978019BC744AA"",""Name"":""Item""}",0x01000C5088034FCD804BA46BCF834F132CAB0069C2717AFC016B488C1978019BC744AA,False,4.0,32060,"{""@odata.type"":""#Microsoft.Azure.Connectors.SharePoint.SPListExpandedReference"",""Id"":0,""Value"":""Actively seeking employment""}",0
"""1""",237,237,"Griffin, Spencer  ","Goodier, Kerry Mills",9188942200,,,[],#Collection(Microsoft.Azure.Connectors.SharePoint.SPListExpandedReference),[],#Collection(Int64),[],#Collection(Microsoft.Azure.Connectors.SharePoint.SPListExpandedReference),[],#Collection(Int64),,9188942200,2026-09-29T11:49:34Z,2026-09-29T11:49:34Z,"{""@odata.type"":""#Microsoft.Azure.Connectors.SharePoint.SPListExpandedUser"",""Claims"":""i:0#.f|membership|markg6@churchofjesuschrist.org"",""DisplayName"":""Mark Goodell"",""Email"":""MarkG6@churchofjesuschrist.org"",""Picture"":""https://churchofjesuschrist.sharepoint.com/sites/OrlandoEmploymentOffice/_layouts/15/UserPhoto.aspx?Size=L&AccountName=MarkG6@churchofjesuschrist.org"",""Department"":""WSR"",""JobTitle"":null}",i:0#.f|membership|markg6@churchofjesuschrist.org,"{""@odata.type"":""#Microsoft.Azure.Connectors.SharePoint.SPListExpandedUser"",""Claims"":""i:0#.f|membership|markg6@churchofjesuschrist.org"",""DisplayName"":""Mark Goodell"",""Email"":""MarkG6@churchofjesuschrist.org"",""Picture"":""https://churchofjesuschrist.sharepoint.com/sites/OrlandoEmploymentOffice/_layouts/15/UserPhoto.aspx?Size=L&AccountName=MarkG6@churchofjesuschrist.org"",""Department"":""WSR"",""JobTitle"":null}",i:0#.f|membership|markg6@churchofjesuschrist.org,Lists%252fJob%2bSeeker%2bList%252f237_.000,False,"{""Full"":null,""Large"":null,""Medium"":null,""Small"":null}",https://churchofjesuschrist.sharepoint.com/sites/OrlandoEmploymentOffice/_layouts/15/listform.aspx?PageType=4&ListId=b60c55b1%2D83af%2D4242%2D8ef5%2Dc3cc54179acb&ID=237&ContentTypeID=0x01000C5088034FCD804BA46BCF834F132CAB0069C2717AFC016B488C1978019BC744AA,,,Lists/Job Seeker List/,Lists/Job Seeker List/237_.000,"{""@odata.type"":""#Microsoft.Azure.Connectors.SharePoint.SPListExpandedContentType"",""Id"":""0x01000C5088034FCD804BA46BCF834F132CAB0069C2717AFC016B488C1978019BC744AA"",""Name"":""Item""}",0x01000C5088034FCD804BA46BCF834F132CAB0069C2717AFC016B488C1978019BC744AA,False,1.0,,,
"""1""",238,238,"Gutierrez, Luis  ","Gray, Karen Louise",305-340-1629,,,[],#Collection(Microsoft.Azure.Connectors.SharePoint.SPListExpandedReference),[],#Collection(Int64),[],#Collection(Microsoft.Azure.Connectors.SharePoint.SPListExpandedReference),[],#Collection(Int64),,3053401629,2026-09-29T11:49:35Z,2026-09-29T11:49:35Z,"{""@odata.type"":""#Microsoft.Azure.Connectors.SharePoint.SPListExpandedUser"",""Claims"":""i:0#.f|membership|markg6@churchofjesuschrist.org"",""DisplayName"":""Mark Goodell"",""Email"":""MarkG6@churchofjesuschrist.org"",""Picture"":""https://churchofjesuschrist.sharepoint.com/sites/OrlandoEmploymentOffice/_layouts/15/UserPhoto.aspx?Size=L&AccountName=MarkG6@churchofjesuschrist.org"",""Department"":""WSR"",""JobTitle"":null}",i:0#.f|membership|markg6@churchofjesuschrist.org,"{""@odata.type"":""#Microsoft.Azure.Connectors.SharePoint.SPListExpandedUser"",""Claims"":""i:0#.f|membership|markg6@churchofjesuschrist.org"",""DisplayName"":""Mark Goodell"",""Email"":""MarkG6@churchofjesuschrist.org"",""Picture"":""https://churchofjesuschrist.sharepoint.com/sites/OrlandoEmploymentOffice/_layouts/15/UserPhoto.aspx?Size=L&AccountName=MarkG6@churchofjesuschrist.org"",""Department"":""WSR"",""JobTitle"":null}",i:0#.f|membership|markg6@churchofjesuschrist.org,Lists%252fJob%2bSeeker%2bList%252f238_.000,False,"{""Full"":null,""Large"":null,""Medium"":null,""Small"":null}",https://churchofjesuschrist.sharepoint.com/sites/OrlandoEmploymentOffice/_layouts/15/listform.aspx?PageType=4&ListId=b60c55b1%2D83af%2D4242%2D8ef5%2Dc3cc54179acb&ID=238&ContentTypeID=0x01000C5088034FCD804BA46BCF834F132CAB0069C2717AFC016B488C1978019BC744AA,,,Lists/Job Seeker List/,Lists/Job Seeker List/238_.000,"{""@odata.type"":""#Microsoft.Azure.Connectors.SharePoint.SPListExpandedContentType"",""Id"":""0x01000C5088034FCD804BA46BCF834F132CAB0069C2717AFC016B488C1978019BC744AA"",""Name"":""Item""}",0x01000C5088034FCD804BA46BCF834F132CAB0069C2717AFC016B488C1978019BC744AA,False,1.0,,,
"""1""",240,240,"Harden, Brianna  ","Pickard, Aidan Reilly",(689) 339-8535,,,[],#Collection(Microsoft.Azure.Connectors.SharePoint.SPListExpandedReference),[],#Collection(Int64),[],#Collection(Microsoft.Azure.Connectors.SharePoint.SPListExpandedReference),[],#Collection(Int64),,6893398535,2026-09-29T11:49:36Z,2026-09-29T11:49:36Z,"{""@odata.type"":""#Microsoft.Azure.Connectors.SharePoint.SPListExpandedUser"",""Claims"":""i:0#.f|membership|markg6@churchofjesuschrist.org"",""DisplayName"":""Mark Goodell"",""Email"":""MarkG6@churchofjesuschrist.org"",""Picture"":""https://churchofjesuschrist.sharepoint.com/sites/OrlandoEmploymentOffice/_layouts/15/UserPhoto.aspx?Size=L&AccountName=MarkG6@churchofjesuschrist.org"",""Department"":""WSR"",""JobTitle"":null}",i:0#.f|membership|markg6@churchofjesuschrist.org,"{""@odata.type"":""#Microsoft.Azure.Connectors.SharePoint.SPListExpandedUser"",""Claims"":""i:0#.f|membership|markg6@churchofjesuschrist.org"",""DisplayName"":""Mark Goodell"",""Email"":""MarkG6@churchofjesuschrist.org"",""Picture"":""https://churchofjesuschrist.sharepoint.com/sites/OrlandoEmploymentOffice/_layouts/15/UserPhoto.aspx?Size=L&AccountName=MarkG6@churchofjesuschrist.org"",""Department"":""WSR"",""JobTitle"":null}",i:0#.f|membership|markg6@churchofjesuschrist.org,Lists%252fJob%2bSeeker%2bList%252f240_.000,False,"{""Full"":null,""Large"":null,""Medium"":null,""Small"":null}",https://churchofjesuschrist.sharepoint.com/sites/OrlandoEmploymentOffice/_layouts/15/listform.aspx?PageType=4&ListId=b60c55b1%2D83af%2D4242%2D8ef5%2Dc3cc54179acb&ID=240&ContentTypeID=0x01000C5088034FCD804BA46BCF834F132CAB0069C2717AFC016B488C1978019BC744AA,,,Lists/Job Seeker List/,Lists/Job Seeker List/240_.000,"{""@odata.type"":""#Microsoft.Azure.Connectors.SharePoint.SPListExpandedContentType"",""Id"":""0x01000C5088034FCD804BA46BCF834F132CAB0069C2717AFC016B488C1978019BC744AA"",""Name"":""Item""}",0x01000C5088034FCD804BA46BCF834F132CAB0069C2717AFC016B488C1978019BC744AA,False,1.0,,,
"""1""",241,241,"Henry, Malia  ","Russell, Tamara",3522986505,,,[],#Collection(Microsoft.Azure.Connectors.SharePoint.SPListExpandedReference),[],#Collection(Int64),[],#Collection(Microsoft.Azure.Connectors.SharePoint.SPListExpandedReference),[],#Collection(Int64),,3522986505,2026-09-29T11:49:38Z,2026-09-29T11:49:38Z,"{""@odata.type"":""#Microsoft.Azure.Connectors.SharePoint.SPListExpandedUser"",""Claims"":""i:0#.f|membership|markg6@churchofjesuschrist.org"",""DisplayName"":""Mark Goodell"",""Email"":""MarkG6@churchofjesuschrist.org"",""Picture"":""https://churchofjesuschrist.sharepoint.com/sites/OrlandoEmploymentOffice/_layouts/15/UserPhoto.aspx?Size=L&AccountName=MarkG6@churchofjesuschrist.org"",""Department"":""WSR"",""JobTitle"":null}",i:0#.f|membership|markg6@churchofjesuschrist.org,"{""@odata.type"":""#Microsoft.Azure.Connectors.SharePoint.SPListExpandedUser"",""Claims"":""i:0#.f|membership|markg6@churchofjesuschrist.org"",""DisplayName"":""Mark Goodell"",""Email"":""MarkG6@churchofjesuschrist.org"",""Picture"":""https://churchofjesuschrist.sharepoint.com/sites/OrlandoEmploymentOffice/_layouts/15/UserPhoto.aspx?Size=L&AccountName=MarkG6@churchofjesuschrist.org"",""Department"":""WSR"",""JobTitle"":null}",i:0#.f|membership|markg6@churchofjesuschrist.org,Lists%252fJob%2bSeeker%2bList%252f241_.000,False,"{""Full"":null,""Large"":null,""Medium"":null,""Small"":null}",https://churchofjesuschrist.sharepoint.com/sites/OrlandoEmploymentOffice/_layouts/15/listform.aspx?PageType=4&ListId=b60c55b1%2D83af%2D4242%2D8ef5%2Dc3cc54179acb&ID=241&ContentTypeID=0x01000C5088034FCD804BA46BCF834F132CAB0069C2717AFC016B488C1978019BC744AA,,,Lists/Job Seeker List/,Lists/Job Seeker List/241_.000,"{""@odata.type"":""#Microsoft.Azure.Connectors.SharePoint.SPListExpandedContentType"",""Id"":""0x01000C5088034FCD804BA46BCF834F132CAB0069C2717AFC016B488C1978019BC744AA"",""Name"":""Item""}",0x01000C5088034FCD804BA46BCF834F132CAB0069C2717AFC016B488C1978019BC744AA,False,1.0,,,
"""2""",242,242,"Hernandez, Anthony  ","Russell, Phillip",407 508-6992,,,"[{""@odata.type"":""#Microsoft.Azure.Connectors.SharePoint.SPListExpandedReference"",""Id"":-1,""Value"":""vacation rental and/or time share sales jobs""}]",#Collection(Microsoft.Azure.Connectors.SharePoint.SPListExpandedReference),[-1],#Collection(Int64),[],#Collection(Microsoft.Azure.Connectors.SharePoint.SPListExpandedReference),[],#Collection(Int64),,4075086992,2026-09-29T12:24:31Z,2026-09-29T11:49:37Z,"{""@odata.type"":""#Microsoft.Azure.Connectors.SharePoint.SPListExpandedUser"",""Claims"":""i:0#.f|membership|markg6@churchofjesuschrist.org"",""DisplayName"":""Mark Goodell"",""Email"":""MarkG6@churchofjesuschrist.org"",""Picture"":""https://churchofjesuschrist.sharepoint.com/sites/OrlandoEmploymentOffice/_layouts/15/UserPhoto.aspx?Size=L&AccountName=MarkG6@churchofjesuschrist.org"",""Department"":""WSR"",""JobTitle"":null}",i:0#.f|membership|markg6@churchofjesuschrist.org,"{""@odata.type"":""#Microsoft.Azure.Connectors.SharePoint.SPListExpandedUser"",""Claims"":""i:0#.f|membership|markg6@churchofjesuschrist.org"",""DisplayName"":""Mark Goodell"",""Email"":""MarkG6@churchofjesuschrist.org"",""Picture"":""https://churchofjesuschrist.sharepoint.com/sites/OrlandoEmploymentOffice/_layouts/15/UserPhoto.aspx?Size=L&AccountName=MarkG6@churchofjesuschrist.org"",""Department"":""WSR"",""JobTitle"":null}",i:0#.f|membership|markg6@churchofjesuschrist.org,Lists%252fJob%2bSeeker%2bList%252f242_.000,False,"{""Full"":null,""Large"":null,""Medium"":null,""Small"":null}",https://churchofjesuschrist.sharepoint.com/sites/OrlandoEmploymentOffice/_layouts/15/listform.aspx?PageType=4&ListId=b60c55b1%2D83af%2D4242%2D8ef5%2Dc3cc54179acb&ID=242&ContentTypeID=0x01000C5088034FCD804BA46BCF834F132CAB0069C2717AFC016B488C1978019BC744AA,,,Lists/Job Seeker List/,Lists/Job Seeker List/242_.000,"{""@odata.type"":""#Microsoft.Azure.Connectors.SharePoint.SPListExpandedContentType"",""Id"":""0x01000C5088034FCD804BA46BCF834F132CAB0069C2717AFC016B488C1978019BC744AA"",""Name"":""Item""}",0x01000C5088034FCD804BA46BCF834F132CAB0069C2717AFC016B488C1978019BC744AA,False,2.0,,,
"""1""",243,243,"Hodges, Chris  ","Goodier, Kerry Mills",901-619-7109,,,[],#Collection(Microsoft.Azure.Connectors.SharePoint.SPListExpandedReference),[],#Collection(Int64),[],#Collection(Microsoft.Azure.Connectors.SharePoint.SPListExpandedReference),[],#Collection(Int64),,9016197109,2026-09-29T11:49:38Z,2026-09-29T11:49:38Z,"{""@odata.type"":""#Microsoft.Azure.Connectors.SharePoint.SPListExpandedUser"",""Claims"":""i:0#.f|membership|markg6@churchofjesuschrist.org"",""DisplayName"":""Mark Goodell"",""Email"":""MarkG6@churchofjesuschrist.org"",""Picture"":""https://churchofjesuschrist.sharepoint.com/sites/OrlandoEmploymentOffice/_layouts/15/UserPhoto.aspx?Size=L&AccountName=MarkG6@churchofjesuschrist.org"",""Department"":""WSR"",""JobTitle"":null}",i:0#.f|membership|markg6@churchofjesuschrist.org,"{""@odata.type"":""#Microsoft.Azure.Connectors.SharePoint.SPListExpandedUser"",""Claims"":""i:0#.f|membership|markg6@churchofjesuschrist.org"",""DisplayName"":""Mark Goodell"",""Email"":""MarkG6@churchofjesuschrist.org"",""Picture"":""https://churchofjesuschrist.sharepoint.com/sites/OrlandoEmploymentOffice/_layouts/15/UserPhoto.aspx?Size=L&AccountName=MarkG6@churchofjesuschrist.org"",""Department"":""WSR"",""JobTitle"":null}",i:0#.f|membership|markg6@churchofjesuschrist.org,Lists%252fJob%2bSeeker%2bList%252f243_.000,False,"{""Full"":null,""Large"":null,""Medium"":null,""Small"":null}",https://churchofjesuschrist.sharepoint.com/sites/OrlandoEmploymentOffice/_layouts/15/listform.aspx?PageType=4&ListId=b60c55b1%2D83af%2D4242%2D8ef5%2Dc3cc54179acb&ID=243&ContentTypeID=0x01000C5088034FCD804BA46BCF834F132CAB0069C2717AFC016B488C1978019BC744AA,,,Lists/Job Seeker List/,Lists/Job Seeker List/243_.000,"{""@odata.type"":""#Microsoft.Azure.Connectors.SharePoint.SPListExpandedContentType"",""Id"":""0x01000C5088034FCD804BA46BCF834F132CAB0069C2717AFC016B488C1978019BC744AA"",""Name"":""Item""}",0x01000C5088034FCD804BA46BCF834F132CAB0069C2717AFC016B488C1978019BC744AA,False,1.0,,,
"""1""",244,244,"Humpherys, Michael  ","Goodier, Kerry Mills",(321) 271-5541,,,[],#Collection(Microsoft.Azure.Connectors.SharePoint.SPListExpandedReference),[],#Collection(Int64),[],#Collection(Microsoft.Azure.Connectors.SharePoint.SPListExpandedReference),[],#Collection(Int64),,3212715541,2026-09-29T11:49:39Z,2026-09-29T11:49:39Z,"{""@odata.type"":""#Microsoft.Azure.Connectors.SharePoint.SPListExpandedUser"",""Claims"":""i:0#.f|membership|markg6@churchofjesuschrist.org"",""DisplayName"":""Mark Goodell"",""Email"":""MarkG6@churchofjesuschrist.org"",""Picture"":""https://churchofjesuschrist.sharepoint.com/sites/OrlandoEmploymentOffice/_layouts/15/UserPhoto.aspx?Size=L&AccountName=MarkG6@churchofjesuschrist.org"",""Department"":""WSR"",""JobTitle"":null}",i:0#.f|membership|markg6@churchofjesuschrist.org,"{""@odata.type"":""#Microsoft.Azure.Connectors.SharePoint.SPListExpandedUser"",""Claims"":""i:0#.f|membership|markg6@churchofjesuschrist.org"",""DisplayName"":""Mark Goodell"",""Email"":""MarkG6@churchofjesuschrist.org"",""Picture"":""https://churchofjesuschrist.sharepoint.com/sites/OrlandoEmploymentOffice/_layouts/15/UserPhoto.aspx?Size=L&AccountName=MarkG6@churchofjesuschrist.org"",""Department"":""WSR"",""JobTitle"":null}",i:0#.f|membership|markg6@churchofjesuschrist.org,Lists%252fJob%2bSeeker%2bList%252f244_.000,False,"{""Full"":null,""Large"":null,""Medium"":null,""Small"":null}",https://churchofjesuschrist.sharepoint.com/sites/OrlandoEmploymentOffice/_layouts/15/listform.aspx?PageType=4&ListId=b60c55b1%2D83af%2D4242%2D8ef5%2Dc3cc54179acb&ID=244&ContentTypeID=0x01000C5088034FCD804BA46BCF834F132CAB0069C2717AFC016B488C1978019BC744AA,,,Lists/Job Seeker List/,Lists/Job Seeker List/244_.000,"{""@odata.type"":""#Microsoft.Azure.Connectors.SharePoint.SPListExpandedContentType"",""Id"":""0x01000C5088034FCD804BA46BCF834F132CAB0069C2717AFC016B488C1978019BC744AA"",""Name"":""Item""}",0x01000C5088034FCD804BA46BCF834F132CAB0069C2717AFC016B488C1978019BC744AA,False,1.0,,,
"""1""",247,247,"Irizarry Ruiz, Daniel  ","Goodier, Kerry Mills",4074143303,,,[],#Collection(Microsoft.Azure.Connectors.SharePoint.SPListExpandedReference),[],#Collection(Int64),[],#Collection(Microsoft.Azure.Connectors.SharePoint.SPListExpandedReference),[],#Collection(Int64),,4074143303,2026-09-29T11:49:40Z,2026-09-29T11:49:40Z,"{""@odata.type"":""#Microsoft.Azure.Connectors.SharePoint.SPListExpandedUser"",""Claims"":""i:0#.f|membership|markg6@churchofjesuschrist.org"",""DisplayName"":""Mark Goodell"",""Email"":""MarkG6@churchofjesuschrist.org"",""Picture"":""https://churchofjesuschrist.sharepoint.com/sites/OrlandoEmploymentOffice/_layouts/15/UserPhoto.aspx?Size=L&AccountName=MarkG6@churchofjesuschrist.org"",""Department"":""WSR"",""JobTitle"":null}",i:0#.f|membership|markg6@churchofjesuschrist.org,"{""@odata.type"":""#Microsoft.Azure.Connectors.SharePoint.SPListExpandedUser"",""Claims"":""i:0#.f|membership|markg6@churchofjesuschrist.org"",""DisplayName"":""Mark Goodell"",""Email"":""MarkG6@churchofjesuschrist.org"",""Picture"":""https://churchofjesuschrist.sharepoint.com/sites/OrlandoEmploymentOffice/_layouts/15/UserPhoto.aspx?Size=L&AccountName=MarkG6@churchofjesuschrist.org"",""Department"":""WSR"",""JobTitle"":null}",i:0#.f|membership|markg6@churchofjesuschrist.org,Lists%252fJob%2bSeeker%2bList%252f247_.000,False,"{""Full"":null,""Large"":null,""Medium"":null,""Small"":null}",https://churchofjesuschrist.sharepoint.com/sites/OrlandoEmploymentOffice/_layouts/15/listform.aspx?PageType=4&ListId=b60c55b1%2D83af%2D4242%2D8ef5%2Dc3cc54179acb&ID=247&ContentTypeID=0x01000C5088034FCD804BA46BCF834F132CAB0069C2717AFC016B488C1978019BC744AA,,,Lists/Job Seeker List/,Lists/Job Seeker List/247_.000,"{""@odata.type"":""#Microsoft.Azure.Connectors.SharePoint.SPListExpandedContentType"",""Id"":""0x01000C5088034FCD804BA46BCF834F132CAB0069C2717AFC016B488C1978019BC744AA"",""Name"":""Item""}",0x01000C5088034FCD804BA46BCF834F132CAB0069C2717AFC016B488C1978019BC744AA,False,1.0,,,
"""1""",248,248,"Jaboin, Jean Charles  ","Bernard, Linon",4074851422,,,[],#Collection(Microsoft.Azure.Connectors.SharePoint.SPListExpandedReference),[],#Collection(Int64),[],#Collection(Microsoft.Azure.Connectors.SharePoint.SPListExpandedReference),[],#Collection(Int64),,4074851422,2026-09-29T11:49:41Z,2026-09-29T11:49:41Z,"{""@odata.type"":""#Microsoft.Azure.Connectors.SharePoint.SPListExpandedUser"",""Claims"":""i:0#.f|membership|markg6@churchofjesuschrist.org"",""DisplayName"":""Mark Goodell"",""Email"":""MarkG6@churchofjesuschrist.org"",""Picture"":""https://churchofjesuschrist.sharepoint.com/sites/OrlandoEmploymentOffice/_layouts/15/UserPhoto.aspx?Size=L&AccountName=MarkG6@churchofjesuschrist.org"",""Department"":""WSR"",""JobTitle"":null}",i:0#.f|membership|markg6@churchofjesuschrist.org,"{""@odata.type"":""#Microsoft.Azure.Connectors.SharePoint.SPListExpandedUser"",""Claims"":""i:0#.f|membership|markg6@churchofjesuschrist.org"",""DisplayName"":""Mark Goodell"",""Email"":""MarkG6@churchofjesuschrist.org"",""Picture"":""https://churchofjesuschrist.sharepoint.com/sites/OrlandoEmploymentOffice/_layouts/15/UserPhoto.aspx?Size=L&AccountName=MarkG6@churchofjesuschrist.org"",""Department"":""WSR"",""JobTitle"":null}",i:0#.f|membership|markg6@churchofjesuschrist.org,Lists%252fJob%2bSeeker%2bList%252f248_.000,False,"{""Full"":null,""Large"":null,""Medium"":null,""Small"":null}",https://churchofjesuschrist.sharepoint.com/sites/OrlandoEmploymentOffice/_layouts/15/listform.aspx?PageType=4&ListId=b60c55b1%2D83af%2D4242%2D8ef5%2Dc3cc54179acb&ID=248&ContentTypeID=0x01000C5088034FCD804BA46BCF834F132CAB0069C2717AFC016B488C1978019BC744AA,,,Lists/Job Seeker List/,Lists/Job Seeker List/248_.000,"{""@odata.type"":""#Microsoft.Azure.Connectors.SharePoint.SPListExpandedContentType"",""Id"":""0x01000C5088034FCD804BA46BCF834F132CAB0069C2717AFC016B488C1978019BC744AA"",""Name"":""Item""}",0x01000C5088034FCD804BA46BCF834F132CAB0069C2717AFC016B488C1978019BC744AA,False,1.0,,,
"""1""",249,249,"Jean Baptiste, Robenson  ","Bernard, Linon",4074195666,,,[],#Collection(Microsoft.Azure.Connectors.SharePoint.SPListExpandedReference),[],#Collection(Int64),[],#Collection(Microsoft.Azure.Connectors.SharePoint.SPListExpandedReference),[],#Collection(Int64),,4074195666,2026-09-29T11:49:43Z,2026-09-29T11:49:43Z,"{""@odata.type"":""#Microsoft.Azure.Connectors.SharePoint.SPListExpandedUser"",""Claims"":""i:0#.f|membership|markg6@churchofjesuschrist.org"",""DisplayName"":""Mark Goodell"",""Email"":""MarkG6@churchofjesuschrist.org"",""Picture"":""https://churchofjesuschrist.sharepoint.com/sites/OrlandoEmploymentOffice/_layouts/15/UserPhoto.aspx?Size=L&AccountName=MarkG6@churchofjesuschrist.org"",""Department"":""WSR"",""JobTitle"":null}",i:0#.f|membership|markg6@churchofjesuschrist.org,"{""@odata.type"":""#Microsoft.Azure.Connectors.SharePoint.SPListExpandedUser"",""Claims"":""i:0#.f|membership|markg6@churchofjesuschrist.org"",""DisplayName"":""Mark Goodell"",""Email"":""MarkG6@churchofjesuschrist.org"",""Picture"":""https://churchofjesuschrist.sharepoint.com/sites/OrlandoEmploymentOffice/_layouts/15/UserPhoto.aspx?Size=L&AccountName=MarkG6@churchofjesuschrist.org"",""Department"":""WSR"",""JobTitle"":null}",i:0#.f|membership|markg6@churchofjesuschrist.org,Lists%252fJob%2bSeeker%2bList%252f249_.000,False,"{""Full"":null,""Large"":null,""Medium"":null,""Small"":null}",https://churchofjesuschrist.sharepoint.com/sites/OrlandoEmploymentOffice/_layouts/15/listform.aspx?PageType=4&ListId=b60c55b1%2D83af%2D4242%2D8ef5%2Dc3cc54179acb&ID=249&ContentTypeID=0x01000C5088034FCD804BA46BCF834F132CAB0069C2717AFC016B488C1978019BC744AA,,,Lists/Job Seeker List/,Lists/Job Seeker List/249_.000,"{""@odata.type"":""#Microsoft.Azure.Connectors.SharePoint.SPListExpandedContentType"",""Id"":""0x01000C5088034FCD804BA46BCF834F132CAB0069C2717AFC016B488C1978019BC744AA"",""Name"":""Item""}",0x01000C5088034FCD804BA46BCF834F132CAB0069C2717AFC016B488C1978019BC744AA,False,1.0,,,
"""2""",250,250,"Jefferies, Denita  ","Gray, Karen Louise",4072858355,Rosemount,,[],#Collection(Microsoft.Azure.Connectors.SharePoint.SPListExpandedReference),[],#Collection(Int64),[],#Collection(Microsoft.Azure.Connectors.SharePoint.SPListExpandedReference),[],#Collection(Int64),,4072858355,2026-09-29T19:41:49Z,2026-09-29T11:49:43Z,"{""@odata.type"":""#Microsoft.Azure.Connectors.SharePoint.SPListExpandedUser"",""Claims"":""i:0#.f|membership|markg6@churchofjesuschrist.org"",""DisplayName"":""Mark Goodell"",""Email"":""MarkG6@churchofjesuschrist.org"",""Picture"":""https://churchofjesuschrist.sharepoint.com/sites/OrlandoEmploymentOffice/_layouts/15/UserPhoto.aspx?Size=L&AccountName=MarkG6@churchofjesuschrist.org"",""Department"":""WSR"",""JobTitle"":null}",i:0#.f|membership|markg6@churchofjesuschrist.org,"{""@odata.type"":""#Microsoft.Azure.Connectors.SharePoint.SPListExpandedUser"",""Claims"":""i:0#.f|membership|kar3nl0uis3gray@churchofjesuschrist.org"",""DisplayName"":""Karen Louise Gray"",""Email"":""kar3nl0uis3gray@churchofjesuschrist.org"",""Picture"":""https://churchofjesuschrist.sharepoint.com/sites/OrlandoEmploymentOffice/_layouts/15/UserPhoto.aspx?Size=L&AccountName=kar3nl0uis3gray@churchofjesuschrist.org"",""Department"":""WSR"",""JobTitle"":null}",i:0#.f|membership|kar3nl0uis3gray@churchofjesuschrist.org,Lists%252fJob%2bSeeker%2bList%252f250_.000,False,"{""Full"":null,""Large"":null,""Medium"":null,""Small"":null}",https://churchofjesuschrist.sharepoint.com/sites/OrlandoEmploymentOffice/_layouts/15/listform.aspx?PageType=4&ListId=b60c55b1%2D83af%2D4242%2D8ef5%2Dc3cc54179acb&ID=250&ContentTypeID=0x01000C5088034FCD804BA46BCF834F132CAB0069C2717AFC016B488C1978019BC744AA,,,Lists/Job Seeker List/,Lists/Job Seeker List/250_.000,"{""@odata.type"":""#Microsoft.Azure.Connectors.SharePoint.SPListExpandedContentType"",""Id"":""0x01000C5088034FCD804BA46BCF834F132CAB0069C2717AFC016B488C1978019BC744AA"",""Name"":""Item""}",0x01000C5088034FCD804BA46BCF834F132CAB0069C2717AFC016B488C1978019BC744AA,False,2.0,32808,,
"""2""",251,251,"Jobe, Ronald  ","Russell, Phillip",352-422-0614,Ocoee,,"[{""@odata.type"":""#Microsoft.Azure.Connectors.SharePoint.SPListExpandedReference"",""Id"":-1,""Value"":""Video Editing""},{""@odata.type"":""#Microsoft.Azure.Connectors.SharePoint.SPListExpandedReference"",""Id"":-1,""Value"":""Live Sound Setup""},{""@odata.type"":""#Microsoft.Azure.Connectors.SharePoint.SPListExpandedReference"",""Id"":-1,""Value"":""Radio Broadcasting Support""},{""@odata.type"":""#Microsoft.Azure.Connectors.SharePoint.SPListExpandedReference"",""Id"":-1,""Value"":""Digital Photography""},{""@odata.type"":""#Microsoft.Azure.Connectors.SharePoint.SPListExpandedReference"",""Id"":-1,""Value"":""Sound Mixing""}]",#Collection(Microsoft.Azure.Connectors.SharePoint.SPListExpandedReference),"[-1,-1,-1,-1,-1]",#Collection(Int64),[],#Collection(Microsoft.Azure.Connectors.SharePoint.SPListExpandedReference),[],#Collection(Int64),,3524220614,2026-09-29T12:25:27Z,2026-09-29T11:49:43Z,"{""@odata.type"":""#Microsoft.Azure.Connectors.SharePoint.SPListExpandedUser"",""Claims"":""i:0#.f|membership|markg6@churchofjesuschrist.org"",""DisplayName"":""Mark Goodell"",""Email"":""MarkG6@churchofjesuschrist.org"",""Picture"":""https://churchofjesuschrist.sharepoint.com/sites/OrlandoEmploymentOffice/_layouts/15/UserPhoto.aspx?Size=L&AccountName=MarkG6@churchofjesuschrist.org"",""Department"":""WSR"",""JobTitle"":null}",i:0#.f|membership|markg6@churchofjesuschrist.org,"{""@odata.type"":""#Microsoft.Azure.Connectors.SharePoint.SPListExpandedUser"",""Claims"":""i:0#.f|membership|markg6@churchofjesuschrist.org"",""DisplayName"":""Mark Goodell"",""Email"":""MarkG6@churchofjesuschrist.org"",""Picture"":""https://churchofjesuschrist.sharepoint.com/sites/OrlandoEmploymentOffice/_layouts/15/UserPhoto.aspx?Size=L&AccountName=MarkG6@churchofjesuschrist.org"",""Department"":""WSR"",""JobTitle"":null}",i:0#.f|membership|markg6@churchofjesuschrist.org,Lists%252fJob%2bSeeker%2bList%252f251_.000,False,"{""Full"":null,""Large"":null,""Medium"":null,""Small"":null}",https://churchofjesuschrist.sharepoint.com/sites/OrlandoEmploymentOffice/_layouts/15/listform.aspx?PageType=4&ListId=b60c55b1%2D83af%2D4242%2D8ef5%2Dc3cc54179acb&ID=251&ContentTypeID=0x01000C5088034FCD804BA46BCF834F132CAB0069C2717AFC016B488C1978019BC744AA,,,Lists/Job Seeker List/,Lists/Job Seeker List/251_.000,"{""@odata.type"":""#Microsoft.Azure.Connectors.SharePoint.SPListExpandedContentType"",""Id"":""0x01000C5088034FCD804BA46BCF834F132CAB0069C2717AFC016B488C1978019BC744AA"",""Name"":""Item""}",0x01000C5088034FCD804BA46BCF834F132CAB0069C2717AFC016B488C1978019BC744AA,False,2.0,34761,,
"""2""",252,252,"Johnston, Kathryn **  ","Gray, Karen Louise",7207324148,Orlando,,[],#Collection(Microsoft.Azure.Connectors.SharePoint.SPListExpandedReference),[],#Collection(Int64),[],#Collection(Microsoft.Azure.Connectors.SharePoint.SPListExpandedReference),[],#Collection(Int64),,7207324148,2026-09-29T19:45:14Z,2026-09-29T11:49:44Z,"{""@odata.type"":""#Microsoft.Azure.Connectors.SharePoint.SPListExpandedUser"",""Claims"":""i:0#.f|membership|markg6@churchofjesuschrist.org"",""DisplayName"":""Mark Goodell"",""Email"":""MarkG6@churchofjesuschrist.org"",""Picture"":""https://churchofjesuschrist.sharepoint.com/sites/OrlandoEmploymentOffice/_layouts/15/UserPhoto.aspx?Size=L&AccountName=MarkG6@churchofjesuschrist.org"",""Department"":""WSR"",""JobTitle"":null}",i:0#.f|membership|markg6@churchofjesuschrist.org,"{""@odata.type"":""#Microsoft.Azure.Connectors.SharePoint.SPListExpandedUser"",""Claims"":""i:0#.f|membership|kar3nl0uis3gray@churchofjesuschrist.org"",""DisplayName"":""Karen Louise Gray"",""Email"":""kar3nl0uis3gray@churchofjesuschrist.org"",""Picture"":""https://churchofjesuschrist.sharepoint.com/sites/OrlandoEmploymentOffice/_layouts/15/UserPhoto.aspx?Size=L&AccountName=kar3nl0uis3gray@churchofjesuschrist.org"",""Department"":""WSR"",""JobTitle"":null}",i:0#.f|membership|kar3nl0uis3gray@churchofjesuschrist.org,Lists%252fJob%2bSeeker%2bList%252f252_.000,False,"{""Full"":null,""Large"":null,""Medium"":null,""Small"":null}",https://churchofjesuschrist.sharepoint.com/sites/OrlandoEmploymentOffice/_layouts/15/listform.aspx?PageType=4&ListId=b60c55b1%2D83af%2D4242%2D8ef5%2Dc3cc54179acb&ID=252&ContentTypeID=0x01000C5088034FCD804BA46BCF834F132CAB0069C2717AFC016B488C1978019BC744AA,,,Lists/Job Seeker List/,Lists/Job Seeker List/252_.000,"{""@odata.type"":""#Microsoft.Azure.Connectors.SharePoint.SPListExpandedContentType"",""Id"":""0x01000C5088034FCD804BA46BCF834F132CAB0069C2717AFC016B488C1978019BC744AA"",""Name"":""Item""}",0x01000C5088034FCD804BA46BCF834F132CAB0069C2717AFC016B488C1978019BC744AA,False,2.0,,,
"""1""",253,253,"Joseph, Mahovah Eve  ","Bernard, Linon",874912,,,[],#Collection(Microsoft.Azure.Connectors.SharePoint.SPListExpandedReference),[],#Collection(Int64),[],#Collection(Microsoft.Azure.Connectors.SharePoint.SPListExpandedReference),[],#Collection(Int64),,874912,2026-09-29T11:49:44Z,2026-09-29T11:49:44Z,"{""@odata.type"":""#Microsoft.Azure.Connectors.SharePoint.SPListExpandedUser"",""Claims"":""i:0#.f|membership|markg6@churchofjesuschrist.org"",""DisplayName"":""Mark Goodell"",""Email"":""MarkG6@churchofjesuschrist.org"",""Picture"":""https://churchofjesuschrist.sharepoint.com/sites/OrlandoEmploymentOffice/_layouts/15/UserPhoto.aspx?Size=L&AccountName=MarkG6@churchofjesuschrist.org"",""Department"":""WSR"",""JobTitle"":null}",i:0#.f|membership|markg6@churchofjesuschrist.org,"{""@odata.type"":""#Microsoft.Azure.Connectors.SharePoint.SPListExpandedUser"",""Claims"":""i:0#.f|membership|markg6@churchofjesuschrist.org"",""DisplayName"":""Mark Goodell"",""Email"":""MarkG6@churchofjesuschrist.org"",""Picture"":""https://churchofjesuschrist.sharepoint.com/sites/OrlandoEmploymentOffice/_layouts/15/UserPhoto.aspx?Size=L&AccountName=MarkG6@churchofjesuschrist.org"",""Department"":""WSR"",""JobTitle"":null}",i:0#.f|membership|markg6@churchofjesuschrist.org,Lists%252fJob%2bSeeker%2bList%252f253_.000,False,"{""Full"":null,""Large"":null,""Medium"":null,""Small"":null}",https://churchofjesuschrist.sharepoint.com/sites/OrlandoEmploymentOffice/_layouts/15/listform.aspx?PageType=4&ListId=b60c55b1%2D83af%2D4242%2D8ef5%2Dc3cc54179acb&ID=253&ContentTypeID=0x01000C5088034FCD804BA46BCF834F132CAB0069C2717AFC016B488C1978019BC744AA,,,Lists/Job Seeker List/,Lists/Job Seeker List/253_.000,"{""@odata.type"":""#Microsoft.Azure.Connectors.SharePoint.SPListExpandedContentType"",""Id"":""0x01000C5088034FCD804BA46BCF834F132CAB0069C2717AFC016B488C1978019BC744AA"",""Name"":""Item""}",0x01000C5088034FCD804BA46BCF834F132CAB0069C2717AFC016B488C1978019BC744AA,False,1.0,,,
"""1""",254,254,"Joseph, Robainson  ","Russell, Phillip",6893393833,,,[],#Collection(Microsoft.Azure.Connectors.SharePoint.SPListExpandedReference),[],#Collection(Int64),[],#Collection(Microsoft.Azure.Connectors.SharePoint.SPListExpandedReference),[],#Collection(Int64),,6893393833,2026-09-29T11:49:45Z,2026-09-29T11:49:45Z,"{""@odata.type"":""#Microsoft.Azure.Connectors.SharePoint.SPListExpandedUser"",""Claims"":""i:0#.f|membership|markg6@churchofjesuschrist.org"",""DisplayName"":""Mark Goodell"",""Email"":""MarkG6@churchofjesuschrist.org"",""Picture"":""https://churchofjesuschrist.sharepoint.com/sites/OrlandoEmploymentOffice/_layouts/15/UserPhoto.aspx?Size=L&AccountName=MarkG6@churchofjesuschrist.org"",""Department"":""WSR"",""JobTitle"":null}",i:0#.f|membership|markg6@churchofjesuschrist.org,"{""@odata.type"":""#Microsoft.Azure.Connectors.SharePoint.SPListExpandedUser"",""Claims"":""i:0#.f|membership|markg6@churchofjesuschrist.org"",""DisplayName"":""Mark Goodell"",""Email"":""MarkG6@churchofjesuschrist.org"",""Picture"":""https://churchofjesuschrist.sharepoint.com/sites/OrlandoEmploymentOffice/_layouts/15/UserPhoto.aspx?Size=L&AccountName=MarkG6@churchofjesuschrist.org"",""Department"":""WSR"",""JobTitle"":null}",i:0#.f|membership|markg6@churchofjesuschrist.org,Lists%252fJob%2bSeeker%2bList%252f254_.000,False,"{""Full"":null,""Large"":null,""Medium"":null,""Small"":null}",https://churchofjesuschrist.sharepoint.com/sites/OrlandoEmploymentOffice/_layouts/15/listform.aspx?PageType=4&ListId=b60c55b1%2D83af%2D4242%2D8ef5%2Dc3cc54179acb&ID=254&ContentTypeID=0x01000C5088034FCD804BA46BCF834F132CAB0069C2717AFC016B488C1978019BC744AA,,,Lists/Job Seeker List/,Lists/Job Seeker List/254_.000,"{""@odata.type"":""#Microsoft.Azure.Connectors.SharePoint.SPListExpandedContentType"",""Id"":""0x01000C5088034FCD804BA46BCF834F132CAB0069C2717AFC016B488C1978019BC744AA"",""Name"":""Item""}",0x01000C5088034FCD804BA46BCF834F132CAB0069C2717AFC016B488C1978019BC744AA,False,1.0,,,
"""1""",255,255,"Jules, Widlyne  ","Bernard, Linon",407-504-6678,,,[],#Collection(Microsoft.Azure.Connectors.SharePoint.SPListExpandedReference),[],#Collection(Int64),[],#Collection(Microsoft.Azure.Connectors.SharePoint.SPListExpandedReference),[],#Collection(Int64),,4075046678,2026-09-29T11:49:46Z,2026-09-29T11:49:46Z,"{""@odata.type"":""#Microsoft.Azure.Connectors.SharePoint.SPListExpandedUser"",""Claims"":""i:0#.f|membership|markg6@churchofjesuschrist.org"",""DisplayName"":""Mark Goodell"",""Email"":""MarkG6@churchofjesuschrist.org"",""Picture"":""https://churchofjesuschrist.sharepoint.com/sites/OrlandoEmploymentOffice/_layouts/15/UserPhoto.aspx?Size=L&AccountName=MarkG6@churchofjesuschrist.org"",""Department"":""WSR"",""JobTitle"":null}",i:0#.f|membership|markg6@churchofjesuschrist.org,"{""@odata.type"":""#Microsoft.Azure.Connectors.SharePoint.SPListExpandedUser"",""Claims"":""i:0#.f|membership|markg6@churchofjesuschrist.org"",""DisplayName"":""Mark Goodell"",""Email"":""MarkG6@churchofjesuschrist.org"",""Picture"":""https://churchofjesuschrist.sharepoint.com/sites/OrlandoEmploymentOffice/_layouts/15/UserPhoto.aspx?Size=L&AccountName=MarkG6@churchofjesuschrist.org"",""Department"":""WSR"",""JobTitle"":null}",i:0#.f|membership|markg6@churchofjesuschrist.org,Lists%252fJob%2bSeeker%2bList%252f255_.000,False,"{""Full"":null,""Large"":null,""Medium"":null,""Small"":null}",https://churchofjesuschrist.sharepoint.com/sites/OrlandoEmploymentOffice/_layouts/15/listform.aspx?PageType=4&ListId=b60c55b1%2D83af%2D4242%2D8ef5%2Dc3cc54179acb&ID=255&ContentTypeID=0x01000C5088034FCD804BA46BCF834F132CAB0069C2717AFC016B488C1978019BC744AA,,,Lists/Job Seeker List/,Lists/Job Seeker List/255_.000,"{""@odata.type"":""#Microsoft.Azure.Connectors.SharePoint.SPListExpandedContentType"",""Id"":""0x01000C5088034FCD804BA46BCF834F132CAB0069C2717AFC016B488C1978019BC744AA"",""Name"":""Item""}",0x01000C5088034FCD804BA46BCF834F132CAB0069C2717AFC016B488C1978019BC744AA,False,1.0,,,
"""4""",256,256,"Kaptaine, Christopher  ","Stanley, Thomas",321-402-2146,kissmmee,,"[{""@odata.type"":""#Microsoft.Azure.Connectors.SharePoint.SPListExpandedReference"",""Id"":-1,""Value"":""stock work""}]",#Collection(Microsoft.Azure.Connectors.SharePoint.SPListExpandedReference),[-1],#Collection(Int64),"[{""@odata.type"":""#Microsoft.Azure.Connectors.SharePoint.SPListExpandedReference"",""Id"":3,""Value"":""No Transportation""}]",#Collection(Microsoft.Azure.Connectors.SharePoint.SPListExpandedReference),[3],#Collection(Int64),,3214022146,2026-09-29T15:47:03Z,2026-09-29T11:49:46Z,"{""@odata.type"":""#Microsoft.Azure.Connectors.SharePoint.SPListExpandedUser"",""Claims"":""i:0#.f|membership|markg6@churchofjesuschrist.org"",""DisplayName"":""Mark Goodell"",""Email"":""MarkG6@churchofjesuschrist.org"",""Picture"":""https://churchofjesuschrist.sharepoint.com/sites/OrlandoEmploymentOffice/_layouts/15/UserPhoto.aspx?Size=L&AccountName=MarkG6@churchofjesuschrist.org"",""Department"":""WSR"",""JobTitle"":null}",i:0#.f|membership|markg6@churchofjesuschrist.org,"{""@odata.type"":""#Microsoft.Azure.Connectors.SharePoint.SPListExpandedUser"",""Claims"":""i:0#.f|membership|stanleyt@churchofjesuschrist.org"",""DisplayName"":""Rick Stanley"",""Email"":""Rick.Stanley@churchofjesuschrist.org"",""Picture"":""https://churchofjesuschrist.sharepoint.com/sites/OrlandoEmploymentOffice/_layouts/15/UserPhoto.aspx?Size=L&AccountName=Rick.Stanley@churchofjesuschrist.org"",""Department"":""WSR"",""JobTitle"":""Employment Services Missionary""}",i:0#.f|membership|stanleyt@churchofjesuschrist.org,Lists%252fJob%2bSeeker%2bList%252f256_.000,False,"{""Full"":null,""Large"":null,""Medium"":null,""Small"":null}",https://churchofjesuschrist.sharepoint.com/sites/OrlandoEmploymentOffice/_layouts/15/listform.aspx?PageType=4&ListId=b60c55b1%2D83af%2D4242%2D8ef5%2Dc3cc54179acb&ID=256&ContentTypeID=0x01000C5088034FCD804BA46BCF834F132CAB0069C2717AFC016B488C1978019BC744AA,,,Lists/Job Seeker List/,Lists/Job Seeker List/256_.000,"{""@odata.type"":""#Microsoft.Azure.Connectors.SharePoint.SPListExpandedContentType"",""Id"":""0x01000C5088034FCD804BA46BCF834F132CAB0069C2717AFC016B488C1978019BC744AA"",""Name"":""Item""}",0x01000C5088034FCD804BA46BCF834F132CAB0069C2717AFC016B488C1978019BC744AA,False,4.0,34743,"{""@odata.type"":""#Microsoft.Azure.Connectors.SharePoint.SPListExpandedReference"",""Id"":0,""Value"":""Actively seeking employment""}",0
"""1""",257,257,"Karren, Kristi  ","Goodier, Kerry Mills",425-985-4202,,,[],#Collection(Microsoft.Azure.Connectors.SharePoint.SPListExpandedReference),[],#Collection(Int64),[],#Collection(Microsoft.Azure.Connectors.SharePoint.SPListExpandedReference),[],#Collection(Int64),,4259854202,2026-09-29T11:49:47Z,2026-09-29T11:49:47Z,"{""@odata.type"":""#Microsoft.Azure.Connectors.SharePoint.SPListExpandedUser"",""Claims"":""i:0#.f|membership|markg6@churchofjesuschrist.org"",""DisplayName"":""Mark Goodell"",""Email"":""MarkG6@churchofjesuschrist.org"",""Picture"":""https://churchofjesuschrist.sharepoint.com/sites/OrlandoEmploymentOffice/_layouts/15/UserPhoto.aspx?Size=L&AccountName=MarkG6@churchofjesuschrist.org"",""Department"":""WSR"",""JobTitle"":null}",i:0#.f|membership|markg6@churchofjesuschrist.org,"{""@odata.type"":""#Microsoft.Azure.Connectors.SharePoint.SPListExpandedUser"",""Claims"":""i:0#.f|membership|markg6@churchofjesuschrist.org"",""DisplayName"":""Mark Goodell"",""Email"":""MarkG6@churchofjesuschrist.org"",""Picture"":""https://churchofjesuschrist.sharepoint.com/sites/OrlandoEmploymentOffice/_layouts/15/UserPhoto.aspx?Size=L&AccountName=MarkG6@churchofjesuschrist.org"",""Department"":""WSR"",""JobTitle"":null}",i:0#.f|membership|markg6@churchofjesuschrist.org,Lists%252fJob%2bSeeker%2bList%252f257_.000,False,"{""Full"":null,""Large"":null,""Medium"":null,""Small"":null}",https://churchofjesuschrist.sharepoint.com/sites/OrlandoEmploymentOffice/_layouts/15/listform.aspx?PageType=4&ListId=b60c55b1%2D83af%2D4242%2D8ef5%2Dc3cc54179acb&ID=257&ContentTypeID=0x01000C5088034FCD804BA46BCF834F132CAB0069C2717AFC016B488C1978019BC744AA,,,Lists/Job Seeker List/,Lists/Job Seeker List/257_.000,"{""@odata.type"":""#Microsoft.Azure.Connectors.SharePoint.SPListExpandedContentType"",""Id"":""0x01000C5088034FCD804BA46BCF834F132CAB0069C2717AFC016B488C1978019BC744AA"",""Name"":""Item""}",0x01000C5088034FCD804BA46BCF834F132CAB0069C2717AFC016B488C1978019BC744AA,False,1.0,,,
"""1""",258,258,"Krause, William  ","Russell, Tamara",407-350-6266/ 407-517-8824,,,[],#Collection(Microsoft.Azure.Connectors.SharePoint.SPListExpandedReference),[],#Collection(Int64),[],#Collection(Microsoft.Azure.Connectors.SharePoint.SPListExpandedReference),[],#Collection(Int64),,4073506266/4075178824,2026-09-29T11:49:48Z,2026-09-29T11:49:48Z,"{""@odata.type"":""#Microsoft.Azure.Connectors.SharePoint.SPListExpandedUser"",""Claims"":""i:0#.f|membership|markg6@churchofjesuschrist.org"",""DisplayName"":""Mark Goodell"",""Email"":""MarkG6@churchofjesuschrist.org"",""Picture"":""https://churchofjesuschrist.sharepoint.com/sites/OrlandoEmploymentOffice/_layouts/15/UserPhoto.aspx?Size=L&AccountName=MarkG6@churchofjesuschrist.org"",""Department"":""WSR"",""JobTitle"":null}",i:0#.f|membership|markg6@churchofjesuschrist.org,"{""@odata.type"":""#Microsoft.Azure.Connectors.SharePoint.SPListExpandedUser"",""Claims"":""i:0#.f|membership|markg6@churchofjesuschrist.org"",""DisplayName"":""Mark Goodell"",""Email"":""MarkG6@churchofjesuschrist.org"",""Picture"":""https://churchofjesuschrist.sharepoint.com/sites/OrlandoEmploymentOffice/_layouts/15/UserPhoto.aspx?Size=L&AccountName=MarkG6@churchofjesuschrist.org"",""Department"":""WSR"",""JobTitle"":null}",i:0#.f|membership|markg6@churchofjesuschrist.org,Lists%252fJob%2bSeeker%2bList%252f258_.000,False,"{""Full"":null,""Large"":null,""Medium"":null,""Small"":null}",https://churchofjesuschrist.sharepoint.com/sites/OrlandoEmploymentOffice/_layouts/15/listform.aspx?PageType=4&ListId=b60c55b1%2D83af%2D4242%2D8ef5%2Dc3cc54179acb&ID=258&ContentTypeID=0x01000C5088034FCD804BA46BCF834F132CAB0069C2717AFC016B488C1978019BC744AA,,,Lists/Job Seeker List/,Lists/Job Seeker List/258_.000,"{""@odata.type"":""#Microsoft.Azure.Connectors.SharePoint.SPListExpandedContentType"",""Id"":""0x01000C5088034FCD804BA46BCF834F132CAB0069C2717AFC016B488C1978019BC744AA"",""Name"":""Item""}",0x01000C5088034FCD804BA46BCF834F132CAB0069C2717AFC016B488C1978019BC744AA,False,1.0,,,
"""1""",259,259,"Kringel, Betsaida  ","Medina, Lizette",(347) 729-3024,,,[],#Collection(Microsoft.Azure.Connectors.SharePoint.SPListExpandedReference),[],#Collection(Int64),[],#Collection(Microsoft.Azure.Connectors.SharePoint.SPListExpandedReference),[],#Collection(Int64),,3477293024,2026-09-29T11:49:48Z,2026-09-29T11:49:48Z,"{""@odata.type"":""#Microsoft.Azure.Connectors.SharePoint.SPListExpandedUser"",""Claims"":""i:0#.f|membership|markg6@churchofjesuschrist.org"",""DisplayName"":""Mark Goodell"",""Email"":""MarkG6@churchofjesuschrist.org"",""Picture"":""https://churchofjesuschrist.sharepoint.com/sites/OrlandoEmploymentOffice/_layouts/15/UserPhoto.aspx?Size=L&AccountName=MarkG6@churchofjesuschrist.org"",""Department"":""WSR"",""JobTitle"":null}",i:0#.f|membership|markg6@churchofjesuschrist.org,"{""@odata.type"":""#Microsoft.Azure.Connectors.SharePoint.SPListExpandedUser"",""Claims"":""i:0#.f|membership|markg6@churchofjesuschrist.org"",""DisplayName"":""Mark Goodell"",""Email"":""MarkG6@churchofjesuschrist.org"",""Picture"":""https://churchofjesuschrist.sharepoint.com/sites/OrlandoEmploymentOffice/_layouts/15/UserPhoto.aspx?Size=L&AccountName=MarkG6@churchofjesuschrist.org"",""Department"":""WSR"",""JobTitle"":null}",i:0#.f|membership|markg6@churchofjesuschrist.org,Lists%252fJob%2bSeeker%2bList%252f259_.000,False,"{""Full"":null,""Large"":null,""Medium"":null,""Small"":null}",https://churchofjesuschrist.sharepoint.com/sites/OrlandoEmploymentOffice/_layouts/15/listform.aspx?PageType=4&ListId=b60c55b1%2D83af%2D4242%2D8ef5%2Dc3cc54179acb&ID=259&ContentTypeID=0x01000C5088034FCD804BA46BCF834F132CAB0069C2717AFC016B488C1978019BC744AA,,,Lists/Job Seeker List/,Lists/Job Seeker List/259_.000,"{""@odata.type"":""#Microsoft.Azure.Connectors.SharePoint.SPListExpandedContentType"",""Id"":""0x01000C5088034FCD804BA46BCF834F132CAB0069C2717AFC016B488C1978019BC744AA"",""Name"":""Item""}",0x01000C5088034FCD804BA46BCF834F132CAB0069C2717AFC016B488C1978019BC744AA,False,1.0,,,
"""1""",260,260,"Lane, Amanda  ","Goodier, Kerry Mills",321-536-3664,,,[],#Collection(Microsoft.Azure.Connectors.SharePoint.SPListExpandedReference),[],#Collection(Int64),[],#Collection(Microsoft.Azure.Connectors.SharePoint.SPListExpandedReference),[],#Collection(Int64),,3215363664,2026-09-29T11:49:49Z,2026-09-29T11:49:49Z,"{""@odata.type"":""#Microsoft.Azure.Connectors.SharePoint.SPListExpandedUser"",""Claims"":""i:0#.f|membership|markg6@churchofjesuschrist.org"",""DisplayName"":""Mark Goodell"",""Email"":""MarkG6@churchofjesuschrist.org"",""Picture"":""https://churchofjesuschrist.sharepoint.com/sites/OrlandoEmploymentOffice/_layouts/15/UserPhoto.aspx?Size=L&AccountName=MarkG6@churchofjesuschrist.org"",""Department"":""WSR"",""JobTitle"":null}",i:0#.f|membership|markg6@churchofjesuschrist.org,"{""@odata.type"":""#Microsoft.Azure.Connectors.SharePoint.SPListExpandedUser"",""Claims"":""i:0#.f|membership|markg6@churchofjesuschrist.org"",""DisplayName"":""Mark Goodell"",""Email"":""MarkG6@churchofjesuschrist.org"",""Picture"":""https://churchofjesuschrist.sharepoint.com/sites/OrlandoEmploymentOffice/_layouts/15/UserPhoto.aspx?Size=L&AccountName=MarkG6@churchofjesuschrist.org"",""Department"":""WSR"",""JobTitle"":null}",i:0#.f|membership|markg6@churchofjesuschrist.org,Lists%252fJob%2bSeeker%2bList%252f260_.000,False,"{""Full"":null,""Large"":null,""Medium"":null,""Small"":null}",https://churchofjesuschrist.sharepoint.com/sites/OrlandoEmploymentOffice/_layouts/15/listform.aspx?PageType=4&ListId=b60c55b1%2D83af%2D4242%2D8ef5%2Dc3cc54179acb&ID=260&ContentTypeID=0x01000C5088034FCD804BA46BCF834F132CAB0069C2717AFC016B488C1978019BC744AA,,,Lists/Job Seeker List/,Lists/Job Seeker List/260_.000,"{""@odata.type"":""#Microsoft.Azure.Connectors.SharePoint.SPListExpandedContentType"",""Id"":""0x01000C5088034FCD804BA46BCF834F132CAB0069C2717AFC016B488C1978019BC744AA"",""Name"":""Item""}",0x01000C5088034FCD804BA46BCF834F132CAB0069C2717AFC016B488C1978019BC744AA,False,1.0,,,
"""1""",261,261,"Leach, Misha Masuda  ","Pickard, Aidan Reilly",310-365-2611,,,[],#Collection(Microsoft.Azure.Connectors.SharePoint.SPListExpandedReference),[],#Collection(Int64),[],#Collection(Microsoft.Azure.Connectors.SharePoint.SPListExpandedReference),[],#Collection(Int64),,3103652611,2026-09-29T11:49:50Z,2026-09-29T11:49:50Z,"{""@odata.type"":""#Microsoft.Azure.Connectors.SharePoint.SPListExpandedUser"",""Claims"":""i:0#.f|membership|markg6@churchofjesuschrist.org"",""DisplayName"":""Mark Goodell"",""Email"":""MarkG6@churchofjesuschrist.org"",""Picture"":""https://churchofjesuschrist.sharepoint.com/sites/OrlandoEmploymentOffice/_layouts/15/UserPhoto.aspx?Size=L&AccountName=MarkG6@churchofjesuschrist.org"",""Department"":""WSR"",""JobTitle"":null}",i:0#.f|membership|markg6@churchofjesuschrist.org,"{""@odata.type"":""#Microsoft.Azure.Connectors.SharePoint.SPListExpandedUser"",""Claims"":""i:0#.f|membership|markg6@churchofjesuschrist.org"",""DisplayName"":""Mark Goodell"",""Email"":""MarkG6@churchofjesuschrist.org"",""Picture"":""https://churchofjesuschrist.sharepoint.com/sites/OrlandoEmploymentOffice/_layouts/15/UserPhoto.aspx?Size=L&AccountName=MarkG6@churchofjesuschrist.org"",""Department"":""WSR"",""JobTitle"":null}",i:0#.f|membership|markg6@churchofjesuschrist.org,Lists%252fJob%2bSeeker%2bList%252f261_.000,False,"{""Full"":null,""Large"":null,""Medium"":null,""Small"":null}",https://churchofjesuschrist.sharepoint.com/sites/OrlandoEmploymentOffice/_layouts/15/listform.aspx?PageType=4&ListId=b60c55b1%2D83af%2D4242%2D8ef5%2Dc3cc54179acb&ID=261&ContentTypeID=0x01000C5088034FCD804BA46BCF834F132CAB0069C2717AFC016B488C1978019BC744AA,,,Lists/Job Seeker List/,Lists/Job Seeker List/261_.000,"{""@odata.type"":""#Microsoft.Azure.Connectors.SharePoint.SPListExpandedContentType"",""Id"":""0x01000C5088034FCD804BA46BCF834F132CAB0069C2717AFC016B488C1978019BC744AA"",""Name"":""Item""}",0x01000C5088034FCD804BA46BCF834F132CAB0069C2717AFC016B488C1978019BC744AA,False,1.0,,,
"""1""",262,262,"Livingston, Matthew  ",,4352753220,,,[],#Collection(Microsoft.Azure.Connectors.SharePoint.SPListExpandedReference),[],#Collection(Int64),[],#Collection(Microsoft.Azure.Connectors.SharePoint.SPListExpandedReference),[],#Collection(Int64),,4352753220,2026-09-29T11:49:50Z,2026-09-29T11:49:50Z,"{""@odata.type"":""#Microsoft.Azure.Connectors.SharePoint.SPListExpandedUser"",""Claims"":""i:0#.f|membership|markg6@churchofjesuschrist.org"",""DisplayName"":""Mark Goodell"",""Email"":""MarkG6@churchofjesuschrist.org"",""Picture"":""https://churchofjesuschrist.sharepoint.com/sites/OrlandoEmploymentOffice/_layouts/15/UserPhoto.aspx?Size=L&AccountName=MarkG6@churchofjesuschrist.org"",""Department"":""WSR"",""JobTitle"":null}",i:0#.f|membership|markg6@churchofjesuschrist.org,"{""@odata.type"":""#Microsoft.Azure.Connectors.SharePoint.SPListExpandedUser"",""Claims"":""i:0#.f|membership|markg6@churchofjesuschrist.org"",""DisplayName"":""Mark Goodell"",""Email"":""MarkG6@churchofjesuschrist.org"",""Picture"":""https://churchofjesuschrist.sharepoint.com/sites/OrlandoEmploymentOffice/_layouts/15/UserPhoto.aspx?Size=L&AccountName=MarkG6@churchofjesuschrist.org"",""Department"":""WSR"",""JobTitle"":null}",i:0#.f|membership|markg6@churchofjesuschrist.org,Lists%252fJob%2bSeeker%2bList%252f262_.000,False,"{""Full"":null,""Large"":null,""Medium"":null,""Small"":null}",https://churchofjesuschrist.sharepoint.com/sites/OrlandoEmploymentOffice/_layouts/15/listform.aspx?PageType=4&ListId=b60c55b1%2D83af%2D4242%2D8ef5%2Dc3cc54179acb&ID=262&ContentTypeID=0x01000C5088034FCD804BA46BCF834F132CAB0069C2717AFC016B488C1978019BC744AA,,,Lists/Job Seeker List/,Lists/Job Seeker List/262_.000,"{""@odata.type"":""#Microsoft.Azure.Connectors.SharePoint.SPListExpandedContentType"",""Id"":""0x01000C5088034FCD804BA46BCF834F132CAB0069C2717AFC016B488C1978019BC744AA"",""Name"":""Item""}",0x01000C5088034FCD804BA46BCF834F132CAB0069C2717AFC016B488C1978019BC744AA,False,1.0,,,
"""2""",263,263,"Lopez, Joycelyn  ","Stanley, Thomas",407-218-0876,kissmmee,,"[{""@odata.type"":""#Microsoft.Azure.Connectors.SharePoint.SPListExpandedReference"",""Id"":2,""Value"":""Customer Service""},{""@odata.type"":""#Microsoft.Azure.Connectors.SharePoint.SPListExpandedReference"",""Id"":-1,""Value"":""stock work""}]",#Collection(Microsoft.Azure.Connectors.SharePoint.SPListExpandedReference),"[2,-1]",#Collection(Int64),"[{""@odata.type"":""#Microsoft.Azure.Connectors.SharePoint.SPListExpandedReference"",""Id"":1,""Value"":""Background Investigation Challenges""}]",#Collection(Microsoft.Azure.Connectors.SharePoint.SPListExpandedReference),[1],#Collection(Int64),,4072180876,2026-09-29T17:06:33Z,2026-09-29T11:49:51Z,"{""@odata.type"":""#Microsoft.Azure.Connectors.SharePoint.SPListExpandedUser"",""Claims"":""i:0#.f|membership|markg6@churchofjesuschrist.org"",""DisplayName"":""Mark Goodell"",""Email"":""MarkG6@churchofjesuschrist.org"",""Picture"":""https://churchofjesuschrist.sharepoint.com/sites/OrlandoEmploymentOffice/_layouts/15/UserPhoto.aspx?Size=L&AccountName=MarkG6@churchofjesuschrist.org"",""Department"":""WSR"",""JobTitle"":null}",i:0#.f|membership|markg6@churchofjesuschrist.org,"{""@odata.type"":""#Microsoft.Azure.Connectors.SharePoint.SPListExpandedUser"",""Claims"":""i:0#.f|membership|stanleyt@churchofjesuschrist.org"",""DisplayName"":""Rick Stanley"",""Email"":""Rick.Stanley@churchofjesuschrist.org"",""Picture"":""https://churchofjesuschrist.sharepoint.com/sites/OrlandoEmploymentOffice/_layouts/15/UserPhoto.aspx?Size=L&AccountName=Rick.Stanley@churchofjesuschrist.org"",""Department"":""WSR"",""JobTitle"":""Employment Services Missionary""}",i:0#.f|membership|stanleyt@churchofjesuschrist.org,Lists%252fJob%2bSeeker%2bList%252f263_.000,False,"{""Full"":null,""Large"":null,""Medium"":null,""Small"":null}",https://churchofjesuschrist.sharepoint.com/sites/OrlandoEmploymentOffice/_layouts/15/listform.aspx?PageType=4&ListId=b60c55b1%2D83af%2D4242%2D8ef5%2Dc3cc54179acb&ID=263&ContentTypeID=0x01000C5088034FCD804BA46BCF834F132CAB0069C2717AFC016B488C1978019BC744AA,,,Lists/Job Seeker List/,Lists/Job Seeker List/263_.000,"{""@odata.type"":""#Microsoft.Azure.Connectors.SharePoint.SPListExpandedContentType"",""Id"":""0x01000C5088034FCD804BA46BCF834F132CAB0069C2717AFC016B488C1978019BC744AA"",""Name"":""Item""}",0x01000C5088034FCD804BA46BCF834F132CAB0069C2717AFC016B488C1978019BC744AA,False,2.0,34743,"{""@odata.type"":""#Microsoft.Azure.Connectors.SharePoint.SPListExpandedReference"",""Id"":0,""Value"":""Actively seeking employment""}",0
"""1""",264,264,"Lowry, Katelin  ","Medina, Lizette",8018088630,,,[],#Collection(Microsoft.Azure.Connectors.SharePoint.SPListExpandedReference),[],#Collection(Int64),[],#Collection(Microsoft.Azure.Connectors.SharePoint.SPListExpandedReference),[],#Collection(Int64),,8018088630,2026-09-29T11:49:51Z,2026-09-29T11:49:51Z,"{""@odata.type"":""#Microsoft.Azure.Connectors.SharePoint.SPListExpandedUser"",""Claims"":""i:0#.f|membership|markg6@churchofjesuschrist.org"",""DisplayName"":""Mark Goodell"",""Email"":""MarkG6@churchofjesuschrist.org"",""Picture"":""https://churchofjesuschrist.sharepoint.com/sites/OrlandoEmploymentOffice/_layouts/15/UserPhoto.aspx?Size=L&AccountName=MarkG6@churchofjesuschrist.org"",""Department"":""WSR"",""JobTitle"":null}",i:0#.f|membership|markg6@churchofjesuschrist.org,"{""@odata.type"":""#Microsoft.Azure.Connectors.SharePoint.SPListExpandedUser"",""Claims"":""i:0#.f|membership|markg6@churchofjesuschrist.org"",""DisplayName"":""Mark Goodell"",""Email"":""MarkG6@churchofjesuschrist.org"",""Picture"":""https://churchofjesuschrist.sharepoint.com/sites/OrlandoEmploymentOffice/_layouts/15/UserPhoto.aspx?Size=L&AccountName=MarkG6@churchofjesuschrist.org"",""Department"":""WSR"",""JobTitle"":null}",i:0#.f|membership|markg6@churchofjesuschrist.org,Lists%252fJob%2bSeeker%2bList%252f264_.000,False,"{""Full"":null,""Large"":null,""Medium"":null,""Small"":null}",https://churchofjesuschrist.sharepoint.com/sites/OrlandoEmploymentOffice/_layouts/15/listform.aspx?PageType=4&ListId=b60c55b1%2D83af%2D4242%2D8ef5%2Dc3cc54179acb&ID=264&ContentTypeID=0x01000C5088034FCD804BA46BCF834F132CAB0069C2717AFC016B488C1978019BC744AA,,,Lists/Job Seeker List/,Lists/Job Seeker List/264_.000,"{""@odata.type"":""#Microsoft.Azure.Connectors.SharePoint.SPListExpandedContentType"",""Id"":""0x01000C5088034FCD804BA46BCF834F132CAB0069C2717AFC016B488C1978019BC744AA"",""Name"":""Item""}",0x01000C5088034FCD804BA46BCF834F132CAB0069C2717AFC016B488C1978019BC744AA,False,1.0,,,
"""1""",265,265,"Lowry, Zach  ","Russell, Tamara",8012144192,,,[],#Collection(Microsoft.Azure.Connectors.SharePoint.SPListExpandedReference),[],#Collection(Int64),[],#Collection(Microsoft.Azure.Connectors.SharePoint.SPListExpandedReference),[],#Collection(Int64),,8012144192,2026-09-29T11:49:52Z,2026-09-29T11:49:52Z,"{""@odata.type"":""#Microsoft.Azure.Connectors.SharePoint.SPListExpandedUser"",""Claims"":""i:0#.f|membership|markg6@churchofjesuschrist.org"",""DisplayName"":""Mark Goodell"",""Email"":""MarkG6@churchofjesuschrist.org"",""Picture"":""https://churchofjesuschrist.sharepoint.com/sites/OrlandoEmploymentOffice/_layouts/15/UserPhoto.aspx?Size=L&AccountName=MarkG6@churchofjesuschrist.org"",""Department"":""WSR"",""JobTitle"":null}",i:0#.f|membership|markg6@churchofjesuschrist.org,"{""@odata.type"":""#Microsoft.Azure.Connectors.SharePoint.SPListExpandedUser"",""Claims"":""i:0#.f|membership|markg6@churchofjesuschrist.org"",""DisplayName"":""Mark Goodell"",""Email"":""MarkG6@churchofjesuschrist.org"",""Picture"":""https://churchofjesuschrist.sharepoint.com/sites/OrlandoEmploymentOffice/_layouts/15/UserPhoto.aspx?Size=L&AccountName=MarkG6@churchofjesuschrist.org"",""Department"":""WSR"",""JobTitle"":null}",i:0#.f|membership|markg6@churchofjesuschrist.org,Lists%252fJob%2bSeeker%2bList%252f265_.000,False,"{""Full"":null,""Large"":null,""Medium"":null,""Small"":null}",https://churchofjesuschrist.sharepoint.com/sites/OrlandoEmploymentOffice/_layouts/15/listform.aspx?PageType=4&ListId=b60c55b1%2D83af%2D4242%2D8ef5%2Dc3cc54179acb&ID=265&ContentTypeID=0x01000C5088034FCD804BA46BCF834F132CAB0069C2717AFC016B488C1978019BC744AA,,,Lists/Job Seeker List/,Lists/Job Seeker List/265_.000,"{""@odata.type"":""#Microsoft.Azure.Connectors.SharePoint.SPListExpandedContentType"",""Id"":""0x01000C5088034FCD804BA46BCF834F132CAB0069C2717AFC016B488C1978019BC744AA"",""Name"":""Item""}",0x01000C5088034FCD804BA46BCF834F132CAB0069C2717AFC016B488C1978019BC744AA,False,1.0,,,
"""4""",266,266,"Macias, Christopher","Goodell, Mark Robert",4077338672,Orlando,,"[{""@odata.type"":""#Microsoft.Azure.Connectors.SharePoint.SPListExpandedReference"",""Id"":-1,""Value"":""Audio Visual Support""},{""@odata.type"":""#Microsoft.Azure.Connectors.SharePoint.SPListExpandedReference"",""Id"":2,""Value"":""Customer Service""}]",#Collection(Microsoft.Azure.Connectors.SharePoint.SPListExpandedReference),"[-1,2]",#Collection(Int64),[],#Collection(Microsoft.Azure.Connectors.SharePoint.SPListExpandedReference),[],#Collection(Int64),"Uncomfortable around groups of people
",4077338672,2026-09-29T12:28:28Z,2026-09-29T11:49:52Z,"{""@odata.type"":""#Microsoft.Azure.Connectors.SharePoint.SPListExpandedUser"",""Claims"":""i:0#.f|membership|markg6@churchofjesuschrist.org"",""DisplayName"":""Mark Goodell"",""Email"":""MarkG6@churchofjesuschrist.org"",""Picture"":""https://churchofjesuschrist.sharepoint.com/sites/OrlandoEmploymentOffice/_layouts/15/UserPhoto.aspx?Size=L&AccountName=MarkG6@churchofjesuschrist.org"",""Department"":""WSR"",""JobTitle"":null}",i:0#.f|membership|markg6@churchofjesuschrist.org,"{""@odata.type"":""#Microsoft.Azure.Connectors.SharePoint.SPListExpandedUser"",""Claims"":""i:0#.f|membership|markg6@churchofjesuschrist.org"",""DisplayName"":""Mark Goodell"",""Email"":""MarkG6@churchofjesuschrist.org"",""Picture"":""https://churchofjesuschrist.sharepoint.com/sites/OrlandoEmploymentOffice/_layouts/15/UserPhoto.aspx?Size=L&AccountName=MarkG6@churchofjesuschrist.org"",""Department"":""WSR"",""JobTitle"":null}",i:0#.f|membership|markg6@churchofjesuschrist.org,Lists%252fJob%2bSeeker%2bList%252f266_.000,False,"{""Full"":null,""Large"":null,""Medium"":null,""Small"":null}",https://churchofjesuschrist.sharepoint.com/sites/OrlandoEmploymentOffice/_layouts/15/listform.aspx?PageType=4&ListId=b60c55b1%2D83af%2D4242%2D8ef5%2Dc3cc54179acb&ID=266&ContentTypeID=0x01000C5088034FCD804BA46BCF834F132CAB0069C2717AFC016B488C1978019BC744AA,,,Lists/Job Seeker List/,Lists/Job Seeker List/266_.000,"{""@odata.type"":""#Microsoft.Azure.Connectors.SharePoint.SPListExpandedContentType"",""Id"":""0x01000C5088034FCD804BA46BCF834F132CAB0069C2717AFC016B488C1978019BC744AA"",""Name"":""Item""}",0x01000C5088034FCD804BA46BCF834F132CAB0069C2717AFC016B488C1978019BC744AA,False,4.0,,,
"""1""",267,267,"Mansius, Aubrey  ","Gray, Karen Louise",+1 (321) 978-9824,,,[],#Collection(Microsoft.Azure.Connectors.SharePoint.SPListExpandedReference),[],#Collection(Int64),[],#Collection(Microsoft.Azure.Connectors.SharePoint.SPListExpandedReference),[],#Collection(Int64),,3219789824,2026-09-29T11:49:53Z,2026-09-29T11:49:53Z,"{""@odata.type"":""#Microsoft.Azure.Connectors.SharePoint.SPListExpandedUser"",""Claims"":""i:0#.f|membership|markg6@churchofjesuschrist.org"",""DisplayName"":""Mark Goodell"",""Email"":""MarkG6@churchofjesuschrist.org"",""Picture"":""https://churchofjesuschrist.sharepoint.com/sites/OrlandoEmploymentOffice/_layouts/15/UserPhoto.aspx?Size=L&AccountName=MarkG6@churchofjesuschrist.org"",""Department"":""WSR"",""JobTitle"":null}",i:0#.f|membership|markg6@churchofjesuschrist.org,"{""@odata.type"":""#Microsoft.Azure.Connectors.SharePoint.SPListExpandedUser"",""Claims"":""i:0#.f|membership|markg6@churchofjesuschrist.org"",""DisplayName"":""Mark Goodell"",""Email"":""MarkG6@churchofjesuschrist.org"",""Picture"":""https://churchofjesuschrist.sharepoint.com/sites/OrlandoEmploymentOffice/_layouts/15/UserPhoto.aspx?Size=L&AccountName=MarkG6@churchofjesuschrist.org"",""Department"":""WSR"",""JobTitle"":null}",i:0#.f|membership|markg6@churchofjesuschrist.org,Lists%252fJob%2bSeeker%2bList%252f267_.000,False,"{""Full"":null,""Large"":null,""Medium"":null,""Small"":null}",https://churchofjesuschrist.sharepoint.com/sites/OrlandoEmploymentOffice/_layouts/15/listform.aspx?PageType=4&ListId=b60c55b1%2D83af%2D4242%2D8ef5%2Dc3cc54179acb&ID=267&ContentTypeID=0x01000C5088034FCD804BA46BCF834F132CAB0069C2717AFC016B488C1978019BC744AA,,,Lists/Job Seeker List/,Lists/Job Seeker List/267_.000,"{""@odata.type"":""#Microsoft.Azure.Connectors.SharePoint.SPListExpandedContentType"",""Id"":""0x01000C5088034FCD804BA46BCF834F132CAB0069C2717AFC016B488C1978019BC744AA"",""Name"":""Item""}",0x01000C5088034FCD804BA46BCF834F132CAB0069C2717AFC016B488C1978019BC744AA,False,1.0,,,
"""1""",268,268,"Manzo, Manuel  ","Medina, Lizette",689-808-9230,,,[],#Collection(Microsoft.Azure.Connectors.SharePoint.SPListExpandedReference),[],#Collection(Int64),[],#Collection(Microsoft.Azure.Connectors.SharePoint.SPListExpandedReference),[],#Collection(Int64),,6898089230,2026-09-29T11:49:54Z,2026-09-29T11:49:54Z,"{""@odata.type"":""#Microsoft.Azure.Connectors.SharePoint.SPListExpandedUser"",""Claims"":""i:0#.f|membership|markg6@churchofjesuschrist.org"",""DisplayName"":""Mark Goodell"",""Email"":""MarkG6@churchofjesuschrist.org"",""Picture"":""https://churchofjesuschrist.sharepoint.com/sites/OrlandoEmploymentOffice/_layouts/15/UserPhoto.aspx?Size=L&AccountName=MarkG6@churchofjesuschrist.org"",""Department"":""WSR"",""JobTitle"":null}",i:0#.f|membership|markg6@churchofjesuschrist.org,"{""@odata.type"":""#Microsoft.Azure.Connectors.SharePoint.SPListExpandedUser"",""Claims"":""i:0#.f|membership|markg6@churchofjesuschrist.org"",""DisplayName"":""Mark Goodell"",""Email"":""MarkG6@churchofjesuschrist.org"",""Picture"":""https://churchofjesuschrist.sharepoint.com/sites/OrlandoEmploymentOffice/_layouts/15/UserPhoto.aspx?Size=L&AccountName=MarkG6@churchofjesuschrist.org"",""Department"":""WSR"",""JobTitle"":null}",i:0#.f|membership|markg6@churchofjesuschrist.org,Lists%252fJob%2bSeeker%2bList%252f268_.000,False,"{""Full"":null,""Large"":null,""Medium"":null,""Small"":null}",https://churchofjesuschrist.sharepoint.com/sites/OrlandoEmploymentOffice/_layouts/15/listform.aspx?PageType=4&ListId=b60c55b1%2D83af%2D4242%2D8ef5%2Dc3cc54179acb&ID=268&ContentTypeID=0x01000C5088034FCD804BA46BCF834F132CAB0069C2717AFC016B488C1978019BC744AA,,,Lists/Job Seeker List/,Lists/Job Seeker List/268_.000,"{""@odata.type"":""#Microsoft.Azure.Connectors.SharePoint.SPListExpandedContentType"",""Id"":""0x01000C5088034FCD804BA46BCF834F132CAB0069C2717AFC016B488C1978019BC744AA"",""Name"":""Item""}",0x01000C5088034FCD804BA46BCF834F132CAB0069C2717AFC016B488C1978019BC744AA,False,1.0,,,
"""2""",269,269,"Marenco, Breeze  ","Gray, Karen Louise",305-725-6473,Palm Bay,,[],#Collection(Microsoft.Azure.Connectors.SharePoint.SPListExpandedReference),[],#Collection(Int64),[],#Collection(Microsoft.Azure.Connectors.SharePoint.SPListExpandedReference),[],#Collection(Int64),,3057256473,2026-09-29T19:43:57Z,2026-09-29T11:49:55Z,"{""@odata.type"":""#Microsoft.Azure.Connectors.SharePoint.SPListExpandedUser"",""Claims"":""i:0#.f|membership|markg6@churchofjesuschrist.org"",""DisplayName"":""Mark Goodell"",""Email"":""MarkG6@churchofjesuschrist.org"",""Picture"":""https://churchofjesuschrist.sharepoint.com/sites/OrlandoEmploymentOffice/_layouts/15/UserPhoto.aspx?Size=L&AccountName=MarkG6@churchofjesuschrist.org"",""Department"":""WSR"",""JobTitle"":null}",i:0#.f|membership|markg6@churchofjesuschrist.org,"{""@odata.type"":""#Microsoft.Azure.Connectors.SharePoint.SPListExpandedUser"",""Claims"":""i:0#.f|membership|kar3nl0uis3gray@churchofjesuschrist.org"",""DisplayName"":""Karen Louise Gray"",""Email"":""kar3nl0uis3gray@churchofjesuschrist.org"",""Picture"":""https://churchofjesuschrist.sharepoint.com/sites/OrlandoEmploymentOffice/_layouts/15/UserPhoto.aspx?Size=L&AccountName=kar3nl0uis3gray@churchofjesuschrist.org"",""Department"":""WSR"",""JobTitle"":null}",i:0#.f|membership|kar3nl0uis3gray@churchofjesuschrist.org,Lists%252fJob%2bSeeker%2bList%252f269_.000,False,"{""Full"":null,""Large"":null,""Medium"":null,""Small"":null}",https://churchofjesuschrist.sharepoint.com/sites/OrlandoEmploymentOffice/_layouts/15/listform.aspx?PageType=4&ListId=b60c55b1%2D83af%2D4242%2D8ef5%2Dc3cc54179acb&ID=269&ContentTypeID=0x01000C5088034FCD804BA46BCF834F132CAB0069C2717AFC016B488C1978019BC744AA,,,Lists/Job Seeker List/,Lists/Job Seeker List/269_.000,"{""@odata.type"":""#Microsoft.Azure.Connectors.SharePoint.SPListExpandedContentType"",""Id"":""0x01000C5088034FCD804BA46BCF834F132CAB0069C2717AFC016B488C1978019BC744AA"",""Name"":""Item""}",0x01000C5088034FCD804BA46BCF834F132CAB0069C2717AFC016B488C1978019BC744AA,False,2.0,"32905, 32907, 32908, 32909",,
"""1""",270,270,"Martinez, Jose Benigno  ","Ballestero, Ana",+1 504225893,,,[],#Collection(Microsoft.Azure.Connectors.SharePoint.SPListExpandedReference),[],#Collection(Int64),[],#Collection(Microsoft.Azure.Connectors.SharePoint.SPListExpandedReference),[],#Collection(Int64),,504225893,2026-09-29T11:49:56Z,2026-09-29T11:49:56Z,"{""@odata.type"":""#Microsoft.Azure.Connectors.SharePoint.SPListExpandedUser"",""Claims"":""i:0#.f|membership|markg6@churchofjesuschrist.org"",""DisplayName"":""Mark Goodell"",""Email"":""MarkG6@churchofjesuschrist.org"",""Picture"":""https://churchofjesuschrist.sharepoint.com/sites/OrlandoEmploymentOffice/_layouts/15/UserPhoto.aspx?Size=L&AccountName=MarkG6@churchofjesuschrist.org"",""Department"":""WSR"",""JobTitle"":null}",i:0#.f|membership|markg6@churchofjesuschrist.org,"{""@odata.type"":""#Microsoft.Azure.Connectors.SharePoint.SPListExpandedUser"",""Claims"":""i:0#.f|membership|markg6@churchofjesuschrist.org"",""DisplayName"":""Mark Goodell"",""Email"":""MarkG6@churchofjesuschrist.org"",""Picture"":""https://churchofjesuschrist.sharepoint.com/sites/OrlandoEmploymentOffice/_layouts/15/UserPhoto.aspx?Size=L&AccountName=MarkG6@churchofjesuschrist.org"",""Department"":""WSR"",""JobTitle"":null}",i:0#.f|membership|markg6@churchofjesuschrist.org,Lists%252fJob%2bSeeker%2bList%252f270_.000,False,"{""Full"":null,""Large"":null,""Medium"":null,""Small"":null}",https://churchofjesuschrist.sharepoint.com/sites/OrlandoEmploymentOffice/_layouts/15/listform.aspx?PageType=4&ListId=b60c55b1%2D83af%2D4242%2D8ef5%2Dc3cc54179acb&ID=270&ContentTypeID=0x01000C5088034FCD804BA46BCF834F132CAB0069C2717AFC016B488C1978019BC744AA,,,Lists/Job Seeker List/,Lists/Job Seeker List/270_.000,"{""@odata.type"":""#Microsoft.Azure.Connectors.SharePoint.SPListExpandedContentType"",""Id"":""0x01000C5088034FCD804BA46BCF834F132CAB0069C2717AFC016B488C1978019BC744AA"",""Name"":""Item""}",0x01000C5088034FCD804BA46BCF834F132CAB0069C2717AFC016B488C1978019BC744AA,False,1.0,,,
"""1""",271,271,"Maza, carlos  ","Grieve, Barry",9046494749,,,[],#Collection(Microsoft.Azure.Connectors.SharePoint.SPListExpandedReference),[],#Collection(Int64),[],#Collection(Microsoft.Azure.Connectors.SharePoint.SPListExpandedReference),[],#Collection(Int64),,9046494749,2026-09-29T11:49:56Z,2026-09-29T11:49:56Z,"{""@odata.type"":""#Microsoft.Azure.Connectors.SharePoint.SPListExpandedUser"",""Claims"":""i:0#.f|membership|markg6@churchofjesuschrist.org"",""DisplayName"":""Mark Goodell"",""Email"":""MarkG6@churchofjesuschrist.org"",""Picture"":""https://churchofjesuschrist.sharepoint.com/sites/OrlandoEmploymentOffice/_layouts/15/UserPhoto.aspx?Size=L&AccountName=MarkG6@churchofjesuschrist.org"",""Department"":""WSR"",""JobTitle"":null}",i:0#.f|membership|markg6@churchofjesuschrist.org,"{""@odata.type"":""#Microsoft.Azure.Connectors.SharePoint.SPListExpandedUser"",""Claims"":""i:0#.f|membership|markg6@churchofjesuschrist.org"",""DisplayName"":""Mark Goodell"",""Email"":""MarkG6@churchofjesuschrist.org"",""Picture"":""https://churchofjesuschrist.sharepoint.com/sites/OrlandoEmploymentOffice/_layouts/15/UserPhoto.aspx?Size=L&AccountName=MarkG6@churchofjesuschrist.org"",""Department"":""WSR"",""JobTitle"":null}",i:0#.f|membership|markg6@churchofjesuschrist.org,Lists%252fJob%2bSeeker%2bList%252f271_.000,False,"{""Full"":null,""Large"":null,""Medium"":null,""Small"":null}",https://churchofjesuschrist.sharepoint.com/sites/OrlandoEmploymentOffice/_layouts/15/listform.aspx?PageType=4&ListId=b60c55b1%2D83af%2D4242%2D8ef5%2Dc3cc54179acb&ID=271&ContentTypeID=0x01000C5088034FCD804BA46BCF834F132CAB0069C2717AFC016B488C1978019BC744AA,,,Lists/Job Seeker List/,Lists/Job Seeker List/271_.000,"{""@odata.type"":""#Microsoft.Azure.Connectors.SharePoint.SPListExpandedContentType"",""Id"":""0x01000C5088034FCD804BA46BCF834F132CAB0069C2717AFC016B488C1978019BC744AA"",""Name"":""Item""}",0x01000C5088034FCD804BA46BCF834F132CAB0069C2717AFC016B488C1978019BC744AA,False,1.0,,,
"""1""",272,272,"Mbugua, Thomas Kiruthi  ","Russell, Phillip",386-597-3522,,,[],#Collection(Microsoft.Azure.Connectors.SharePoint.SPListExpandedReference),[],#Collection(Int64),[],#Collection(Microsoft.Azure.Connectors.SharePoint.SPListExpandedReference),[],#Collection(Int64),,3865973522,2026-09-29T11:49:57Z,2026-09-29T11:49:57Z,"{""@odata.type"":""#Microsoft.Azure.Connectors.SharePoint.SPListExpandedUser"",""Claims"":""i:0#.f|membership|markg6@churchofjesuschrist.org"",""DisplayName"":""Mark Goodell"",""Email"":""MarkG6@churchofjesuschrist.org"",""Picture"":""https://churchofjesuschrist.sharepoint.com/sites/OrlandoEmploymentOffice/_layouts/15/UserPhoto.aspx?Size=L&AccountName=MarkG6@churchofjesuschrist.org"",""Department"":""WSR"",""JobTitle"":null}",i:0#.f|membership|markg6@churchofjesuschrist.org,"{""@odata.type"":""#Microsoft.Azure.Connectors.SharePoint.SPListExpandedUser"",""Claims"":""i:0#.f|membership|markg6@churchofjesuschrist.org"",""DisplayName"":""Mark Goodell"",""Email"":""MarkG6@churchofjesuschrist.org"",""Picture"":""https://churchofjesuschrist.sharepoint.com/sites/OrlandoEmploymentOffice/_layouts/15/UserPhoto.aspx?Size=L&AccountName=MarkG6@churchofjesuschrist.org"",""Department"":""WSR"",""JobTitle"":null}",i:0#.f|membership|markg6@churchofjesuschrist.org,Lists%252fJob%2bSeeker%2bList%252f272_.000,False,"{""Full"":null,""Large"":null,""Medium"":null,""Small"":null}",https://churchofjesuschrist.sharepoint.com/sites/OrlandoEmploymentOffice/_layouts/15/listform.aspx?PageType=4&ListId=b60c55b1%2D83af%2D4242%2D8ef5%2Dc3cc54179acb&ID=272&ContentTypeID=0x01000C5088034FCD804BA46BCF834F132CAB0069C2717AFC016B488C1978019BC744AA,,,Lists/Job Seeker List/,Lists/Job Seeker List/272_.000,"{""@odata.type"":""#Microsoft.Azure.Connectors.SharePoint.SPListExpandedContentType"",""Id"":""0x01000C5088034FCD804BA46BCF834F132CAB0069C2717AFC016B488C1978019BC744AA"",""Name"":""Item""}",0x01000C5088034FCD804BA46BCF834F132CAB0069C2717AFC016B488C1978019BC744AA,False,1.0,,,
"""1""",273,273,"Mitchell, Lazarus  ","Gray, Karen Louise",407-457-8717,,,[],#Collection(Microsoft.Azure.Connectors.SharePoint.SPListExpandedReference),[],#Collection(Int64),[],#Collection(Microsoft.Azure.Connectors.SharePoint.SPListExpandedReference),[],#Collection(Int64),,4074578717,2026-09-29T11:49:57Z,2026-09-29T11:49:57Z,"{""@odata.type"":""#Microsoft.Azure.Connectors.SharePoint.SPListExpandedUser"",""Claims"":""i:0#.f|membership|markg6@churchofjesuschrist.org"",""DisplayName"":""Mark Goodell"",""Email"":""MarkG6@churchofjesuschrist.org"",""Picture"":""https://churchofjesuschrist.sharepoint.com/sites/OrlandoEmploymentOffice/_layouts/15/UserPhoto.aspx?Size=L&AccountName=MarkG6@churchofjesuschrist.org"",""Department"":""WSR"",""JobTitle"":null}",i:0#.f|membership|markg6@churchofjesuschrist.org,"{""@odata.type"":""#Microsoft.Azure.Connectors.SharePoint.SPListExpandedUser"",""Claims"":""i:0#.f|membership|markg6@churchofjesuschrist.org"",""DisplayName"":""Mark Goodell"",""Email"":""MarkG6@churchofjesuschrist.org"",""Picture"":""https://churchofjesuschrist.sharepoint.com/sites/OrlandoEmploymentOffice/_layouts/15/UserPhoto.aspx?Size=L&AccountName=MarkG6@churchofjesuschrist.org"",""Department"":""WSR"",""JobTitle"":null}",i:0#.f|membership|markg6@churchofjesuschrist.org,Lists%252fJob%2bSeeker%2bList%252f273_.000,False,"{""Full"":null,""Large"":null,""Medium"":null,""Small"":null}",https://churchofjesuschrist.sharepoint.com/sites/OrlandoEmploymentOffice/_layouts/15/listform.aspx?PageType=4&ListId=b60c55b1%2D83af%2D4242%2D8ef5%2Dc3cc54179acb&ID=273&ContentTypeID=0x01000C5088034FCD804BA46BCF834F132CAB0069C2717AFC016B488C1978019BC744AA,,,Lists/Job Seeker List/,Lists/Job Seeker List/273_.000,"{""@odata.type"":""#Microsoft.Azure.Connectors.SharePoint.SPListExpandedContentType"",""Id"":""0x01000C5088034FCD804BA46BCF834F132CAB0069C2717AFC016B488C1978019BC744AA"",""Name"":""Item""}",0x01000C5088034FCD804BA46BCF834F132CAB0069C2717AFC016B488C1978019BC744AA,False,1.0,,,
"""2""",274,274,"Miteu, Djenny  ","Gray, Karen Louise",407-505-1274,,,[],#Collection(Microsoft.Azure.Connectors.SharePoint.SPListExpandedReference),[],#Collection(Int64),[],#Collection(Microsoft.Azure.Connectors.SharePoint.SPListExpandedReference),[],#Collection(Int64),Multi lingual,4075051274,2026-09-29T19:39:27Z,2026-09-29T11:49:58Z,"{""@odata.type"":""#Microsoft.Azure.Connectors.SharePoint.SPListExpandedUser"",""Claims"":""i:0#.f|membership|markg6@churchofjesuschrist.org"",""DisplayName"":""Mark Goodell"",""Email"":""MarkG6@churchofjesuschrist.org"",""Picture"":""https://churchofjesuschrist.sharepoint.com/sites/OrlandoEmploymentOffice/_layouts/15/UserPhoto.aspx?Size=L&AccountName=MarkG6@churchofjesuschrist.org"",""Department"":""WSR"",""JobTitle"":null}",i:0#.f|membership|markg6@churchofjesuschrist.org,"{""@odata.type"":""#Microsoft.Azure.Connectors.SharePoint.SPListExpandedUser"",""Claims"":""i:0#.f|membership|kar3nl0uis3gray@churchofjesuschrist.org"",""DisplayName"":""Karen Louise Gray"",""Email"":""kar3nl0uis3gray@churchofjesuschrist.org"",""Picture"":""https://churchofjesuschrist.sharepoint.com/sites/OrlandoEmploymentOffice/_layouts/15/UserPhoto.aspx?Size=L&AccountName=kar3nl0uis3gray@churchofjesuschrist.org"",""Department"":""WSR"",""JobTitle"":null}",i:0#.f|membership|kar3nl0uis3gray@churchofjesuschrist.org,Lists%252fJob%2bSeeker%2bList%252f274_.000,False,"{""Full"":null,""Large"":null,""Medium"":null,""Small"":null}",https://churchofjesuschrist.sharepoint.com/sites/OrlandoEmploymentOffice/_layouts/15/listform.aspx?PageType=4&ListId=b60c55b1%2D83af%2D4242%2D8ef5%2Dc3cc54179acb&ID=274&ContentTypeID=0x01000C5088034FCD804BA46BCF834F132CAB0069C2717AFC016B488C1978019BC744AA,,,Lists/Job Seeker List/,Lists/Job Seeker List/274_.000,"{""@odata.type"":""#Microsoft.Azure.Connectors.SharePoint.SPListExpandedContentType"",""Id"":""0x01000C5088034FCD804BA46BCF834F132CAB0069C2717AFC016B488C1978019BC744AA"",""Name"":""Item""}",0x01000C5088034FCD804BA46BCF834F132CAB0069C2717AFC016B488C1978019BC744AA,False,2.0,,,
"""3""",275,275,"Neal, velvert  ","Stanley, Thomas",352 321-2754,orlando,,[],#Collection(Microsoft.Azure.Connectors.SharePoint.SPListExpandedReference),[],#Collection(Int64),"[{""@odata.type"":""#Microsoft.Azure.Connectors.SharePoint.SPListExpandedReference"",""Id"":3,""Value"":""No Transportation""}]",#Collection(Microsoft.Azure.Connectors.SharePoint.SPListExpandedReference),[3],#Collection(Int64),has kids no one to watch them,3523212754,2026-09-29T17:04:32Z,2026-09-29T11:49:59Z,"{""@odata.type"":""#Microsoft.Azure.Connectors.SharePoint.SPListExpandedUser"",""Claims"":""i:0#.f|membership|markg6@churchofjesuschrist.org"",""DisplayName"":""Mark Goodell"",""Email"":""MarkG6@churchofjesuschrist.org"",""Picture"":""https://churchofjesuschrist.sharepoint.com/sites/OrlandoEmploymentOffice/_layouts/15/UserPhoto.aspx?Size=L&AccountName=MarkG6@churchofjesuschrist.org"",""Department"":""WSR"",""JobTitle"":null}",i:0#.f|membership|markg6@churchofjesuschrist.org,"{""@odata.type"":""#Microsoft.Azure.Connectors.SharePoint.SPListExpandedUser"",""Claims"":""i:0#.f|membership|stanleyt@churchofjesuschrist.org"",""DisplayName"":""Rick Stanley"",""Email"":""Rick.Stanley@churchofjesuschrist.org"",""Picture"":""https://churchofjesuschrist.sharepoint.com/sites/OrlandoEmploymentOffice/_layouts/15/UserPhoto.aspx?Size=L&AccountName=Rick.Stanley@churchofjesuschrist.org"",""Department"":""WSR"",""JobTitle"":""Employment Services Missionary""}",i:0#.f|membership|stanleyt@churchofjesuschrist.org,Lists%252fJob%2bSeeker%2bList%252f275_.000,False,"{""Full"":null,""Large"":null,""Medium"":null,""Small"":null}",https://churchofjesuschrist.sharepoint.com/sites/OrlandoEmploymentOffice/_layouts/15/listform.aspx?PageType=4&ListId=b60c55b1%2D83af%2D4242%2D8ef5%2Dc3cc54179acb&ID=275&ContentTypeID=0x01000C5088034FCD804BA46BCF834F132CAB0069C2717AFC016B488C1978019BC744AA,,,Lists/Job Seeker List/,Lists/Job Seeker List/275_.000,"{""@odata.type"":""#Microsoft.Azure.Connectors.SharePoint.SPListExpandedContentType"",""Id"":""0x01000C5088034FCD804BA46BCF834F132CAB0069C2717AFC016B488C1978019BC744AA"",""Name"":""Item""}",0x01000C5088034FCD804BA46BCF834F132CAB0069C2717AFC016B488C1978019BC744AA,False,3.0,32808,,
"""1""",276,276,"Nozil, Marie Dominique Alexandre  ","Bernard, Linon",4072762801,,,[],#Collection(Microsoft.Azure.Connectors.SharePoint.SPListExpandedReference),[],#Collection(Int64),[],#Collection(Microsoft.Azure.Connectors.SharePoint.SPListExpandedReference),[],#Collection(Int64),,4072762801,2026-09-29T11:49:59Z,2026-09-29T11:49:59Z,"{""@odata.type"":""#Microsoft.Azure.Connectors.SharePoint.SPListExpandedUser"",""Claims"":""i:0#.f|membership|markg6@churchofjesuschrist.org"",""DisplayName"":""Mark Goodell"",""Email"":""MarkG6@churchofjesuschrist.org"",""Picture"":""https://churchofjesuschrist.sharepoint.com/sites/OrlandoEmploymentOffice/_layouts/15/UserPhoto.aspx?Size=L&AccountName=MarkG6@churchofjesuschrist.org"",""Department"":""WSR"",""JobTitle"":null}",i:0#.f|membership|markg6@churchofjesuschrist.org,"{""@odata.type"":""#Microsoft.Azure.Connectors.SharePoint.SPListExpandedUser"",""Claims"":""i:0#.f|membership|markg6@churchofjesuschrist.org"",""DisplayName"":""Mark Goodell"",""Email"":""MarkG6@churchofjesuschrist.org"",""Picture"":""https://churchofjesuschrist.sharepoint.com/sites/OrlandoEmploymentOffice/_layouts/15/UserPhoto.aspx?Size=L&AccountName=MarkG6@churchofjesuschrist.org"",""Department"":""WSR"",""JobTitle"":null}",i:0#.f|membership|markg6@churchofjesuschrist.org,Lists%252fJob%2bSeeker%2bList%252f276_.000,False,"{""Full"":null,""Large"":null,""Medium"":null,""Small"":null}",https://churchofjesuschrist.sharepoint.com/sites/OrlandoEmploymentOffice/_layouts/15/listform.aspx?PageType=4&ListId=b60c55b1%2D83af%2D4242%2D8ef5%2Dc3cc54179acb&ID=276&ContentTypeID=0x01000C5088034FCD804BA46BCF834F132CAB0069C2717AFC016B488C1978019BC744AA,,,Lists/Job Seeker List/,Lists/Job Seeker List/276_.000,"{""@odata.type"":""#Microsoft.Azure.Connectors.SharePoint.SPListExpandedContentType"",""Id"":""0x01000C5088034FCD804BA46BCF834F132CAB0069C2717AFC016B488C1978019BC744AA"",""Name"":""Item""}",0x01000C5088034FCD804BA46BCF834F132CAB0069C2717AFC016B488C1978019BC744AA,False,1.0,,,
"""1""",277,277,"Ocasio, Carolina  ","Medina, Lizette",689 332-9009,,,[],#Collection(Microsoft.Azure.Connectors.SharePoint.SPListExpandedReference),[],#Collection(Int64),[],#Collection(Microsoft.Azure.Connectors.SharePoint.SPListExpandedReference),[],#Collection(Int64),,6893329009,2026-09-29T11:50:00Z,2026-09-29T11:50:00Z,"{""@odata.type"":""#Microsoft.Azure.Connectors.SharePoint.SPListExpandedUser"",""Claims"":""i:0#.f|membership|markg6@churchofjesuschrist.org"",""DisplayName"":""Mark Goodell"",""Email"":""MarkG6@churchofjesuschrist.org"",""Picture"":""https://churchofjesuschrist.sharepoint.com/sites/OrlandoEmploymentOffice/_layouts/15/UserPhoto.aspx?Size=L&AccountName=MarkG6@churchofjesuschrist.org"",""Department"":""WSR"",""JobTitle"":null}",i:0#.f|membership|markg6@churchofjesuschrist.org,"{""@odata.type"":""#Microsoft.Azure.Connectors.SharePoint.SPListExpandedUser"",""Claims"":""i:0#.f|membership|markg6@churchofjesuschrist.org"",""DisplayName"":""Mark Goodell"",""Email"":""MarkG6@churchofjesuschrist.org"",""Picture"":""https://churchofjesuschrist.sharepoint.com/sites/OrlandoEmploymentOffice/_layouts/15/UserPhoto.aspx?Size=L&AccountName=MarkG6@churchofjesuschrist.org"",""Department"":""WSR"",""JobTitle"":null}",i:0#.f|membership|markg6@churchofjesuschrist.org,Lists%252fJob%2bSeeker%2bList%252f277_.000,False,"{""Full"":null,""Large"":null,""Medium"":null,""Small"":null}",https://churchofjesuschrist.sharepoint.com/sites/OrlandoEmploymentOffice/_layouts/15/listform.aspx?PageType=4&ListId=b60c55b1%2D83af%2D4242%2D8ef5%2Dc3cc54179acb&ID=277&ContentTypeID=0x01000C5088034FCD804BA46BCF834F132CAB0069C2717AFC016B488C1978019BC744AA,,,Lists/Job Seeker List/,Lists/Job Seeker List/277_.000,"{""@odata.type"":""#Microsoft.Azure.Connectors.SharePoint.SPListExpandedContentType"",""Id"":""0x01000C5088034FCD804BA46BCF834F132CAB0069C2717AFC016B488C1978019BC744AA"",""Name"":""Item""}",0x01000C5088034FCD804BA46BCF834F132CAB0069C2717AFC016B488C1978019BC744AA,False,1.0,,,
"""1""",278,278,"Olsen, Zach  ","Ternovoi, Artem",208 316-0670,,,[],#Collection(Microsoft.Azure.Connectors.SharePoint.SPListExpandedReference),[],#Collection(Int64),[],#Collection(Microsoft.Azure.Connectors.SharePoint.SPListExpandedReference),[],#Collection(Int64),,2083160670,2026-09-29T11:50:01Z,2026-09-29T11:50:01Z,"{""@odata.type"":""#Microsoft.Azure.Connectors.SharePoint.SPListExpandedUser"",""Claims"":""i:0#.f|membership|markg6@churchofjesuschrist.org"",""DisplayName"":""Mark Goodell"",""Email"":""MarkG6@churchofjesuschrist.org"",""Picture"":""https://churchofjesuschrist.sharepoint.com/sites/OrlandoEmploymentOffice/_layouts/15/UserPhoto.aspx?Size=L&AccountName=MarkG6@churchofjesuschrist.org"",""Department"":""WSR"",""JobTitle"":null}",i:0#.f|membership|markg6@churchofjesuschrist.org,"{""@odata.type"":""#Microsoft.Azure.Connectors.SharePoint.SPListExpandedUser"",""Claims"":""i:0#.f|membership|markg6@churchofjesuschrist.org"",""DisplayName"":""Mark Goodell"",""Email"":""MarkG6@churchofjesuschrist.org"",""Picture"":""https://churchofjesuschrist.sharepoint.com/sites/OrlandoEmploymentOffice/_layouts/15/UserPhoto.aspx?Size=L&AccountName=MarkG6@churchofjesuschrist.org"",""Department"":""WSR"",""JobTitle"":null}",i:0#.f|membership|markg6@churchofjesuschrist.org,Lists%252fJob%2bSeeker%2bList%252f278_.000,False,"{""Full"":null,""Large"":null,""Medium"":null,""Small"":null}",https://churchofjesuschrist.sharepoint.com/sites/OrlandoEmploymentOffice/_layouts/15/listform.aspx?PageType=4&ListId=b60c55b1%2D83af%2D4242%2D8ef5%2Dc3cc54179acb&ID=278&ContentTypeID=0x01000C5088034FCD804BA46BCF834F132CAB0069C2717AFC016B488C1978019BC744AA,,,Lists/Job Seeker List/,Lists/Job Seeker List/278_.000,"{""@odata.type"":""#Microsoft.Azure.Connectors.SharePoint.SPListExpandedContentType"",""Id"":""0x01000C5088034FCD804BA46BCF834F132CAB0069C2717AFC016B488C1978019BC744AA"",""Name"":""Item""}",0x01000C5088034FCD804BA46BCF834F132CAB0069C2717AFC016B488C1978019BC744AA,False,1.0,,,
"""1""",279,279,"Paladines, Miguel  ","Palomino, Carlos",407-401-5771,,,[],#Collection(Microsoft.Azure.Connectors.SharePoint.SPListExpandedReference),[],#Collection(Int64),[],#Collection(Microsoft.Azure.Connectors.SharePoint.SPListExpandedReference),[],#Collection(Int64),,4074015771,2026-09-29T11:50:02Z,2026-09-29T11:50:02Z,"{""@odata.type"":""#Microsoft.Azure.Connectors.SharePoint.SPListExpandedUser"",""Claims"":""i:0#.f|membership|markg6@churchofjesuschrist.org"",""DisplayName"":""Mark Goodell"",""Email"":""MarkG6@churchofjesuschrist.org"",""Picture"":""https://churchofjesuschrist.sharepoint.com/sites/OrlandoEmploymentOffice/_layouts/15/UserPhoto.aspx?Size=L&AccountName=MarkG6@churchofjesuschrist.org"",""Department"":""WSR"",""JobTitle"":null}",i:0#.f|membership|markg6@churchofjesuschrist.org,"{""@odata.type"":""#Microsoft.Azure.Connectors.SharePoint.SPListExpandedUser"",""Claims"":""i:0#.f|membership|markg6@churchofjesuschrist.org"",""DisplayName"":""Mark Goodell"",""Email"":""MarkG6@churchofjesuschrist.org"",""Picture"":""https://churchofjesuschrist.sharepoint.com/sites/OrlandoEmploymentOffice/_layouts/15/UserPhoto.aspx?Size=L&AccountName=MarkG6@churchofjesuschrist.org"",""Department"":""WSR"",""JobTitle"":null}",i:0#.f|membership|markg6@churchofjesuschrist.org,Lists%252fJob%2bSeeker%2bList%252f279_.000,False,"{""Full"":null,""Large"":null,""Medium"":null,""Small"":null}",https://churchofjesuschrist.sharepoint.com/sites/OrlandoEmploymentOffice/_layouts/15/listform.aspx?PageType=4&ListId=b60c55b1%2D83af%2D4242%2D8ef5%2Dc3cc54179acb&ID=279&ContentTypeID=0x01000C5088034FCD804BA46BCF834F132CAB0069C2717AFC016B488C1978019BC744AA,,,Lists/Job Seeker List/,Lists/Job Seeker List/279_.000,"{""@odata.type"":""#Microsoft.Azure.Connectors.SharePoint.SPListExpandedContentType"",""Id"":""0x01000C5088034FCD804BA46BCF834F132CAB0069C2717AFC016B488C1978019BC744AA"",""Name"":""Item""}",0x01000C5088034FCD804BA46BCF834F132CAB0069C2717AFC016B488C1978019BC744AA,False,1.0,,,
"""1""",280,280,"Parker, Joseph  ","Ternovoi, Artem",3522199508,,,[],#Collection(Microsoft.Azure.Connectors.SharePoint.SPListExpandedReference),[],#Collection(Int64),[],#Collection(Microsoft.Azure.Connectors.SharePoint.SPListExpandedReference),[],#Collection(Int64),,3522199508,2026-09-29T11:50:02Z,2026-09-29T11:50:02Z,"{""@odata.type"":""#Microsoft.Azure.Connectors.SharePoint.SPListExpandedUser"",""Claims"":""i:0#.f|membership|markg6@churchofjesuschrist.org"",""DisplayName"":""Mark Goodell"",""Email"":""MarkG6@churchofjesuschrist.org"",""Picture"":""https://churchofjesuschrist.sharepoint.com/sites/OrlandoEmploymentOffice/_layouts/15/UserPhoto.aspx?Size=L&AccountName=MarkG6@churchofjesuschrist.org"",""Department"":""WSR"",""JobTitle"":null}",i:0#.f|membership|markg6@churchofjesuschrist.org,"{""@odata.type"":""#Microsoft.Azure.Connectors.SharePoint.SPListExpandedUser"",""Claims"":""i:0#.f|membership|markg6@churchofjesuschrist.org"",""DisplayName"":""Mark Goodell"",""Email"":""MarkG6@churchofjesuschrist.org"",""Picture"":""https://churchofjesuschrist.sharepoint.com/sites/OrlandoEmploymentOffice/_layouts/15/UserPhoto.aspx?Size=L&AccountName=MarkG6@churchofjesuschrist.org"",""Department"":""WSR"",""JobTitle"":null}",i:0#.f|membership|markg6@churchofjesuschrist.org,Lists%252fJob%2bSeeker%2bList%252f280_.000,False,"{""Full"":null,""Large"":null,""Medium"":null,""Small"":null}",https://churchofjesuschrist.sharepoint.com/sites/OrlandoEmploymentOffice/_layouts/15/listform.aspx?PageType=4&ListId=b60c55b1%2D83af%2D4242%2D8ef5%2Dc3cc54179acb&ID=280&ContentTypeID=0x01000C5088034FCD804BA46BCF834F132CAB0069C2717AFC016B488C1978019BC744AA,,,Lists/Job Seeker List/,Lists/Job Seeker List/280_.000,"{""@odata.type"":""#Microsoft.Azure.Connectors.SharePoint.SPListExpandedContentType"",""Id"":""0x01000C5088034FCD804BA46BCF834F132CAB0069C2717AFC016B488C1978019BC744AA"",""Name"":""Item""}",0x01000C5088034FCD804BA46BCF834F132CAB0069C2717AFC016B488C1978019BC744AA,False,1.0,,,
"""1""",281,281,"Paul, Jean  ","Bernard, Linon",561-4809524,,,[],#Collection(Microsoft.Azure.Connectors.SharePoint.SPListExpandedReference),[],#Collection(Int64),[],#Collection(Microsoft.Azure.Connectors.SharePoint.SPListExpandedReference),[],#Collection(Int64),,5614809524,2026-09-29T11:50:03Z,2026-09-29T11:50:03Z,"{""@odata.type"":""#Microsoft.Azure.Connectors.SharePoint.SPListExpandedUser"",""Claims"":""i:0#.f|membership|markg6@churchofjesuschrist.org"",""DisplayName"":""Mark Goodell"",""Email"":""MarkG6@churchofjesuschrist.org"",""Picture"":""https://churchofjesuschrist.sharepoint.com/sites/OrlandoEmploymentOffice/_layouts/15/UserPhoto.aspx?Size=L&AccountName=MarkG6@churchofjesuschrist.org"",""Department"":""WSR"",""JobTitle"":null}",i:0#.f|membership|markg6@churchofjesuschrist.org,"{""@odata.type"":""#Microsoft.Azure.Connectors.SharePoint.SPListExpandedUser"",""Claims"":""i:0#.f|membership|markg6@churchofjesuschrist.org"",""DisplayName"":""Mark Goodell"",""Email"":""MarkG6@churchofjesuschrist.org"",""Picture"":""https://churchofjesuschrist.sharepoint.com/sites/OrlandoEmploymentOffice/_layouts/15/UserPhoto.aspx?Size=L&AccountName=MarkG6@churchofjesuschrist.org"",""Department"":""WSR"",""JobTitle"":null}",i:0#.f|membership|markg6@churchofjesuschrist.org,Lists%252fJob%2bSeeker%2bList%252f281_.000,False,"{""Full"":null,""Large"":null,""Medium"":null,""Small"":null}",https://churchofjesuschrist.sharepoint.com/sites/OrlandoEmploymentOffice/_layouts/15/listform.aspx?PageType=4&ListId=b60c55b1%2D83af%2D4242%2D8ef5%2Dc3cc54179acb&ID=281&ContentTypeID=0x01000C5088034FCD804BA46BCF834F132CAB0069C2717AFC016B488C1978019BC744AA,,,Lists/Job Seeker List/,Lists/Job Seeker List/281_.000,"{""@odata.type"":""#Microsoft.Azure.Connectors.SharePoint.SPListExpandedContentType"",""Id"":""0x01000C5088034FCD804BA46BCF834F132CAB0069C2717AFC016B488C1978019BC744AA"",""Name"":""Item""}",0x01000C5088034FCD804BA46BCF834F132CAB0069C2717AFC016B488C1978019BC744AA,False,1.0,,,
"""3""",282,282,"Payne, Erin  ","Gray, Karen Louise",801-919-7461,Winter Garden,,[],#Collection(Microsoft.Azure.Connectors.SharePoint.SPListExpandedReference),[],#Collection(Int64),[],#Collection(Microsoft.Azure.Connectors.SharePoint.SPListExpandedReference),[],#Collection(Int64),,8019197461,2026-09-29T19:50:42Z,2026-09-29T11:50:04Z,"{""@odata.type"":""#Microsoft.Azure.Connectors.SharePoint.SPListExpandedUser"",""Claims"":""i:0#.f|membership|markg6@churchofjesuschrist.org"",""DisplayName"":""Mark Goodell"",""Email"":""MarkG6@churchofjesuschrist.org"",""Picture"":""https://churchofjesuschrist.sharepoint.com/sites/OrlandoEmploymentOffice/_layouts/15/UserPhoto.aspx?Size=L&AccountName=MarkG6@churchofjesuschrist.org"",""Department"":""WSR"",""JobTitle"":null}",i:0#.f|membership|markg6@churchofjesuschrist.org,"{""@odata.type"":""#Microsoft.Azure.Connectors.SharePoint.SPListExpandedUser"",""Claims"":""i:0#.f|membership|kar3nl0uis3gray@churchofjesuschrist.org"",""DisplayName"":""Karen Louise Gray"",""Email"":""kar3nl0uis3gray@churchofjesuschrist.org"",""Picture"":""https://churchofjesuschrist.sharepoint.com/sites/OrlandoEmploymentOffice/_layouts/15/UserPhoto.aspx?Size=L&AccountName=kar3nl0uis3gray@churchofjesuschrist.org"",""Department"":""WSR"",""JobTitle"":null}",i:0#.f|membership|kar3nl0uis3gray@churchofjesuschrist.org,Lists%252fJob%2bSeeker%2bList%252f282_.000,False,"{""Full"":null,""Large"":null,""Medium"":null,""Small"":null}",https://churchofjesuschrist.sharepoint.com/sites/OrlandoEmploymentOffice/_layouts/15/listform.aspx?PageType=4&ListId=b60c55b1%2D83af%2D4242%2D8ef5%2Dc3cc54179acb&ID=282&ContentTypeID=0x01000C5088034FCD804BA46BCF834F132CAB0069C2717AFC016B488C1978019BC744AA,,,Lists/Job Seeker List/,Lists/Job Seeker List/282_.000,"{""@odata.type"":""#Microsoft.Azure.Connectors.SharePoint.SPListExpandedContentType"",""Id"":""0x01000C5088034FCD804BA46BCF834F132CAB0069C2717AFC016B488C1978019BC744AA"",""Name"":""Item""}",0x01000C5088034FCD804BA46BCF834F132CAB0069C2717AFC016B488C1978019BC744AA,False,3.0,34787,,
"""4""",283,283,"Pearson, Stuart  ","Gray, Karen Louise",8018288171,Davenport,,"[{""@odata.type"":""#Microsoft.Azure.Connectors.SharePoint.SPListExpandedReference"",""Id"":-1,""Value"":""Accounting and Bookkeeping""}]",#Collection(Microsoft.Azure.Connectors.SharePoint.SPListExpandedReference),[-1],#Collection(Int64),[],#Collection(Microsoft.Azure.Connectors.SharePoint.SPListExpandedReference),[],#Collection(Int64),,8018288171,2026-09-29T19:49:24Z,2026-09-29T11:50:05Z,"{""@odata.type"":""#Microsoft.Azure.Connectors.SharePoint.SPListExpandedUser"",""Claims"":""i:0#.f|membership|markg6@churchofjesuschrist.org"",""DisplayName"":""Mark Goodell"",""Email"":""MarkG6@churchofjesuschrist.org"",""Picture"":""https://churchofjesuschrist.sharepoint.com/sites/OrlandoEmploymentOffice/_layouts/15/UserPhoto.aspx?Size=L&AccountName=MarkG6@churchofjesuschrist.org"",""Department"":""WSR"",""JobTitle"":null}",i:0#.f|membership|markg6@churchofjesuschrist.org,"{""@odata.type"":""#Microsoft.Azure.Connectors.SharePoint.SPListExpandedUser"",""Claims"":""i:0#.f|membership|kar3nl0uis3gray@churchofjesuschrist.org"",""DisplayName"":""Karen Louise Gray"",""Email"":""kar3nl0uis3gray@churchofjesuschrist.org"",""Picture"":""https://churchofjesuschrist.sharepoint.com/sites/OrlandoEmploymentOffice/_layouts/15/UserPhoto.aspx?Size=L&AccountName=kar3nl0uis3gray@churchofjesuschrist.org"",""Department"":""WSR"",""JobTitle"":null}",i:0#.f|membership|kar3nl0uis3gray@churchofjesuschrist.org,Lists%252fJob%2bSeeker%2bList%252f283_.000,False,"{""Full"":null,""Large"":null,""Medium"":null,""Small"":null}",https://churchofjesuschrist.sharepoint.com/sites/OrlandoEmploymentOffice/_layouts/15/listform.aspx?PageType=4&ListId=b60c55b1%2D83af%2D4242%2D8ef5%2Dc3cc54179acb&ID=283&ContentTypeID=0x01000C5088034FCD804BA46BCF834F132CAB0069C2717AFC016B488C1978019BC744AA,,,Lists/Job Seeker List/,Lists/Job Seeker List/283_.000,"{""@odata.type"":""#Microsoft.Azure.Connectors.SharePoint.SPListExpandedContentType"",""Id"":""0x01000C5088034FCD804BA46BCF834F132CAB0069C2717AFC016B488C1978019BC744AA"",""Name"":""Item""}",0x01000C5088034FCD804BA46BCF834F132CAB0069C2717AFC016B488C1978019BC744AA,False,4.0,"33837, 33897, 33896, 33836",,
"""1""",284,284,"Peña, Marisol  ","McGuire, Sandy",862-262 2871,,,[],#Collection(Microsoft.Azure.Connectors.SharePoint.SPListExpandedReference),[],#Collection(Int64),[],#Collection(Microsoft.Azure.Connectors.SharePoint.SPListExpandedReference),[],#Collection(Int64),,8622622871,2026-09-29T11:50:05Z,2026-09-29T11:50:05Z,"{""@odata.type"":""#Microsoft.Azure.Connectors.SharePoint.SPListExpandedUser"",""Claims"":""i:0#.f|membership|markg6@churchofjesuschrist.org"",""DisplayName"":""Mark Goodell"",""Email"":""MarkG6@churchofjesuschrist.org"",""Picture"":""https://churchofjesuschrist.sharepoint.com/sites/OrlandoEmploymentOffice/_layouts/15/UserPhoto.aspx?Size=L&AccountName=MarkG6@churchofjesuschrist.org"",""Department"":""WSR"",""JobTitle"":null}",i:0#.f|membership|markg6@churchofjesuschrist.org,"{""@odata.type"":""#Microsoft.Azure.Connectors.SharePoint.SPListExpandedUser"",""Claims"":""i:0#.f|membership|markg6@churchofjesuschrist.org"",""DisplayName"":""Mark Goodell"",""Email"":""MarkG6@churchofjesuschrist.org"",""Picture"":""https://churchofjesuschrist.sharepoint.com/sites/OrlandoEmploymentOffice/_layouts/15/UserPhoto.aspx?Size=L&AccountName=MarkG6@churchofjesuschrist.org"",""Department"":""WSR"",""JobTitle"":null}",i:0#.f|membership|markg6@churchofjesuschrist.org,Lists%252fJob%2bSeeker%2bList%252f284_.000,False,"{""Full"":null,""Large"":null,""Medium"":null,""Small"":null}",https://churchofjesuschrist.sharepoint.com/sites/OrlandoEmploymentOffice/_layouts/15/listform.aspx?PageType=4&ListId=b60c55b1%2D83af%2D4242%2D8ef5%2Dc3cc54179acb&ID=284&ContentTypeID=0x01000C5088034FCD804BA46BCF834F132CAB0069C2717AFC016B488C1978019BC744AA,,,Lists/Job Seeker List/,Lists/Job Seeker List/284_.000,"{""@odata.type"":""#Microsoft.Azure.Connectors.SharePoint.SPListExpandedContentType"",""Id"":""0x01000C5088034FCD804BA46BCF834F132CAB0069C2717AFC016B488C1978019BC744AA"",""Name"":""Item""}",0x01000C5088034FCD804BA46BCF834F132CAB0069C2717AFC016B488C1978019BC744AA,False,1.0,,,
"""1""",285,285,"Penton, Alejandro  ","Medina, Lizette",786-691-5331,,,[],#Collection(Microsoft.Azure.Connectors.SharePoint.SPListExpandedReference),[],#Collection(Int64),[],#Collection(Microsoft.Azure.Connectors.SharePoint.SPListExpandedReference),[],#Collection(Int64),,7866915331,2026-09-29T11:50:06Z,2026-09-29T11:50:06Z,"{""@odata.type"":""#Microsoft.Azure.Connectors.SharePoint.SPListExpandedUser"",""Claims"":""i:0#.f|membership|markg6@churchofjesuschrist.org"",""DisplayName"":""Mark Goodell"",""Email"":""MarkG6@churchofjesuschrist.org"",""Picture"":""https://churchofjesuschrist.sharepoint.com/sites/OrlandoEmploymentOffice/_layouts/15/UserPhoto.aspx?Size=L&AccountName=MarkG6@churchofjesuschrist.org"",""Department"":""WSR"",""JobTitle"":null}",i:0#.f|membership|markg6@churchofjesuschrist.org,"{""@odata.type"":""#Microsoft.Azure.Connectors.SharePoint.SPListExpandedUser"",""Claims"":""i:0#.f|membership|markg6@churchofjesuschrist.org"",""DisplayName"":""Mark Goodell"",""Email"":""MarkG6@churchofjesuschrist.org"",""Picture"":""https://churchofjesuschrist.sharepoint.com/sites/OrlandoEmploymentOffice/_layouts/15/UserPhoto.aspx?Size=L&AccountName=MarkG6@churchofjesuschrist.org"",""Department"":""WSR"",""JobTitle"":null}",i:0#.f|membership|markg6@churchofjesuschrist.org,Lists%252fJob%2bSeeker%2bList%252f285_.000,False,"{""Full"":null,""Large"":null,""Medium"":null,""Small"":null}",https://churchofjesuschrist.sharepoint.com/sites/OrlandoEmploymentOffice/_layouts/15/listform.aspx?PageType=4&ListId=b60c55b1%2D83af%2D4242%2D8ef5%2Dc3cc54179acb&ID=285&ContentTypeID=0x01000C5088034FCD804BA46BCF834F132CAB0069C2717AFC016B488C1978019BC744AA,,,Lists/Job Seeker List/,Lists/Job Seeker List/285_.000,"{""@odata.type"":""#Microsoft.Azure.Connectors.SharePoint.SPListExpandedContentType"",""Id"":""0x01000C5088034FCD804BA46BCF834F132CAB0069C2717AFC016B488C1978019BC744AA"",""Name"":""Item""}",0x01000C5088034FCD804BA46BCF834F132CAB0069C2717AFC016B488C1978019BC744AA,False,1.0,,,
"""1""",286,286,"Perez Contrera, Angel  ","Ballestero, Ana",407-409-0003,,,[],#Collection(Microsoft.Azure.Connectors.SharePoint.SPListExpandedReference),[],#Collection(Int64),[],#Collection(Microsoft.Azure.Connectors.SharePoint.SPListExpandedReference),[],#Collection(Int64),,4074090003,2026-09-29T11:50:06Z,2026-09-29T11:50:06Z,"{""@odata.type"":""#Microsoft.Azure.Connectors.SharePoint.SPListExpandedUser"",""Claims"":""i:0#.f|membership|markg6@churchofjesuschrist.org"",""DisplayName"":""Mark Goodell"",""Email"":""MarkG6@churchofjesuschrist.org"",""Picture"":""https://churchofjesuschrist.sharepoint.com/sites/OrlandoEmploymentOffice/_layouts/15/UserPhoto.aspx?Size=L&AccountName=MarkG6@churchofjesuschrist.org"",""Department"":""WSR"",""JobTitle"":null}",i:0#.f|membership|markg6@churchofjesuschrist.org,"{""@odata.type"":""#Microsoft.Azure.Connectors.SharePoint.SPListExpandedUser"",""Claims"":""i:0#.f|membership|markg6@churchofjesuschrist.org"",""DisplayName"":""Mark Goodell"",""Email"":""MarkG6@churchofjesuschrist.org"",""Picture"":""https://churchofjesuschrist.sharepoint.com/sites/OrlandoEmploymentOffice/_layouts/15/UserPhoto.aspx?Size=L&AccountName=MarkG6@churchofjesuschrist.org"",""Department"":""WSR"",""JobTitle"":null}",i:0#.f|membership|markg6@churchofjesuschrist.org,Lists%252fJob%2bSeeker%2bList%252f286_.000,False,"{""Full"":null,""Large"":null,""Medium"":null,""Small"":null}",https://churchofjesuschrist.sharepoint.com/sites/OrlandoEmploymentOffice/_layouts/15/listform.aspx?PageType=4&ListId=b60c55b1%2D83af%2D4242%2D8ef5%2Dc3cc54179acb&ID=286&ContentTypeID=0x01000C5088034FCD804BA46BCF834F132CAB0069C2717AFC016B488C1978019BC744AA,,,Lists/Job Seeker List/,Lists/Job Seeker List/286_.000,"{""@odata.type"":""#Microsoft.Azure.Connectors.SharePoint.SPListExpandedContentType"",""Id"":""0x01000C5088034FCD804BA46BCF834F132CAB0069C2717AFC016B488C1978019BC744AA"",""Name"":""Item""}",0x01000C5088034FCD804BA46BCF834F132CAB0069C2717AFC016B488C1978019BC744AA,False,1.0,,,
"""2""",287,287,"Perez, Julio  ","Moch, Peggy",469-865-8837,,,[],#Collection(Microsoft.Azure.Connectors.SharePoint.SPListExpandedReference),[],#Collection(Int64),[],#Collection(Microsoft.Azure.Connectors.SharePoint.SPListExpandedReference),[],#Collection(Int64),,4698658837,2026-09-29T21:18:11Z,2026-09-29T11:50:07Z,"{""@odata.type"":""#Microsoft.Azure.Connectors.SharePoint.SPListExpandedUser"",""Claims"":""i:0#.f|membership|markg6@churchofjesuschrist.org"",""DisplayName"":""Mark Goodell"",""Email"":""MarkG6@churchofjesuschrist.org"",""Picture"":""https://churchofjesuschrist.sharepoint.com/sites/OrlandoEmploymentOffice/_layouts/15/UserPhoto.aspx?Size=L&AccountName=MarkG6@churchofjesuschrist.org"",""Department"":""WSR"",""JobTitle"":null}",i:0#.f|membership|markg6@churchofjesuschrist.org,"{""@odata.type"":""#Microsoft.Azure.Connectors.SharePoint.SPListExpandedUser"",""Claims"":""i:0#.f|membership|plmoch@churchofjesuschrist.org"",""DisplayName"":""Peggy Lee Moch"",""Email"":""plmoch@churchofjesuschrist.org"",""Picture"":""https://churchofjesuschrist.sharepoint.com/sites/OrlandoEmploymentOffice/_layouts/15/UserPhoto.aspx?Size=L&AccountName=plmoch@churchofjesuschrist.org"",""Department"":""WSR"",""JobTitle"":""Employment Services Support""}",i:0#.f|membership|plmoch@churchofjesuschrist.org,Lists%252fJob%2bSeeker%2bList%252f287_.000,False,"{""Full"":null,""Large"":null,""Medium"":null,""Small"":null}",https://churchofjesuschrist.sharepoint.com/sites/OrlandoEmploymentOffice/_layouts/15/listform.aspx?PageType=4&ListId=b60c55b1%2D83af%2D4242%2D8ef5%2Dc3cc54179acb&ID=287&ContentTypeID=0x01000C5088034FCD804BA46BCF834F132CAB0069C2717AFC016B488C1978019BC744AA,,,Lists/Job Seeker List/,Lists/Job Seeker List/287_.000,"{""@odata.type"":""#Microsoft.Azure.Connectors.SharePoint.SPListExpandedContentType"",""Id"":""0x01000C5088034FCD804BA46BCF834F132CAB0069C2717AFC016B488C1978019BC744AA"",""Name"":""Item""}",0x01000C5088034FCD804BA46BCF834F132CAB0069C2717AFC016B488C1978019BC744AA,False,2.0,,"{""@odata.type"":""#Microsoft.Azure.Connectors.SharePoint.SPListExpandedReference"",""Id"":2,""Value"":""Not Active Now - but will be""}",2
"""1""",288,288,"Perez, Maria Beatriz  ","Ballestero, Ana",(407)561-8660,,,[],#Collection(Microsoft.Azure.Connectors.SharePoint.SPListExpandedReference),[],#Collection(Int64),[],#Collection(Microsoft.Azure.Connectors.SharePoint.SPListExpandedReference),[],#Collection(Int64),,4075618660,2026-09-29T11:50:07Z,2026-09-29T11:50:07Z,"{""@odata.type"":""#Microsoft.Azure.Connectors.SharePoint.SPListExpandedUser"",""Claims"":""i:0#.f|membership|markg6@churchofjesuschrist.org"",""DisplayName"":""Mark Goodell"",""Email"":""MarkG6@churchofjesuschrist.org"",""Picture"":""https://churchofjesuschrist.sharepoint.com/sites/OrlandoEmploymentOffice/_layouts/15/UserPhoto.aspx?Size=L&AccountName=MarkG6@churchofjesuschrist.org"",""Department"":""WSR"",""JobTitle"":null}",i:0#.f|membership|markg6@churchofjesuschrist.org,"{""@odata.type"":""#Microsoft.Azure.Connectors.SharePoint.SPListExpandedUser"",""Claims"":""i:0#.f|membership|markg6@churchofjesuschrist.org"",""DisplayName"":""Mark Goodell"",""Email"":""MarkG6@churchofjesuschrist.org"",""Picture"":""https://churchofjesuschrist.sharepoint.com/sites/OrlandoEmploymentOffice/_layouts/15/UserPhoto.aspx?Size=L&AccountName=MarkG6@churchofjesuschrist.org"",""Department"":""WSR"",""JobTitle"":null}",i:0#.f|membership|markg6@churchofjesuschrist.org,Lists%252fJob%2bSeeker%2bList%252f288_.000,False,"{""Full"":null,""Large"":null,""Medium"":null,""Small"":null}",https://churchofjesuschrist.sharepoint.com/sites/OrlandoEmploymentOffice/_layouts/15/listform.aspx?PageType=4&ListId=b60c55b1%2D83af%2D4242%2D8ef5%2Dc3cc54179acb&ID=288&ContentTypeID=0x01000C5088034FCD804BA46BCF834F132CAB0069C2717AFC016B488C1978019BC744AA,,,Lists/Job Seeker List/,Lists/Job Seeker List/288_.000,"{""@odata.type"":""#Microsoft.Azure.Connectors.SharePoint.SPListExpandedContentType"",""Id"":""0x01000C5088034FCD804BA46BCF834F132CAB0069C2717AFC016B488C1978019BC744AA"",""Name"":""Item""}",0x01000C5088034FCD804BA46BCF834F132CAB0069C2717AFC016B488C1978019BC744AA,False,1.0,,,
